name,category,slot,use,set,tier,craft_role,crafting,resource_info,mining_info,theme,pack,slug,url
"Mine Shaft","structure","","Mine entrance build piece.","","","buildable structure","Built from plates / beams via the build menu.","Costs metal + power to build.","—","Mining & Game UI","mining-ops","mine-shaft","https://9afbd236-7d37-4308-a43c-ac6aaeefcf0c-00-1ds7vdxuwq1ua.kirk.replit.dev/assets/ui/icons/mining-ops/mine-shaft.png"
"Load Cart","logistics","","Hauls mined ore to the surface.","","","buildable logistics","Built from plates / beams via the build menu.","—","Logistics — hauls mined ore from the dig site.","Mining & Game UI","mining-ops","load-cart","https://9afbd236-7d37-4308-a43c-ac6aaeefcf0c-00-1ds7vdxuwq1ua.kirk.replit.dev/assets/ui/icons/mining-ops/load-cart.png"
"Drill Head","tool","tool","Drill bit — faster mining.","","","craftable recipe","Crafted at a Crafting Bench from refined alloy + components.","—","Mining tool — boosts dig speed & ore yield.","Mining & Game UI","mining-ops","drill-head","https://9afbd236-7d37-4308-a43c-ac6aaeefcf0c-00-1ds7vdxuwq1ua.kirk.replit.dev/assets/ui/icons/mining-ops/drill-head.png"
"Dynamite","throwable","","Blasts rock & enemies.","","","craftable ordnance","Ordnance — crafted at an Explosives Bench from a casing + charge.","Single-use — consumed on use.","Demolition — clears rock fast for mining.","Mining & Game UI","mining-ops","dynamite","https://9afbd236-7d37-4308-a43c-ac6aaeefcf0c-00-1ds7vdxuwq1ua.kirk.replit.dev/assets/ui/icons/mining-ops/dynamite.png"
"Support Beam","structure","","Braces tunnels to prevent cave-ins.","","","buildable structure","Built from plates / beams via the build menu.","Costs metal + power to build.","—","Mining & Game UI","mining-ops","support-beam","https://9afbd236-7d37-4308-a43c-ac6aaeefcf0c-00-1ds7vdxuwq1ua.kirk.replit.dev/assets/ui/icons/mining-ops/support-beam.png"
"Ore Vein","material","","Mineable ore deposit.","","","gathered material","Gathered or salvaged, not crafted; used as a crafting ingredient.","Raw ore — smelt into ingots; stack 64.","Mineable deposit — drops raw resources when mined.","Mining & Game UI","mining-ops","ore-vein","https://9afbd236-7d37-4308-a43c-ac6aaeefcf0c-00-1ds7vdxuwq1ua.kirk.replit.dev/assets/ui/icons/mining-ops/ore-vein.png"
"Boss Fight","ui-action","","Start a boss encounter.","","","ui action","UI action — not crafted.","—","—","Mining & Game UI","mining-ops","boss-fight","https://9afbd236-7d37-4308-a43c-ac6aaeefcf0c-00-1ds7vdxuwq1ua.kirk.replit.dev/assets/ui/icons/mining-ops/boss-fight.png"
"Co-op Party","ui-action","","Form or join a co-op party.","","","ui action","UI action — not crafted.","—","—","Mining & Game UI","mining-ops","co-op-party","https://9afbd236-7d37-4308-a43c-ac6aaeefcf0c-00-1ds7vdxuwq1ua.kirk.replit.dev/assets/ui/icons/mining-ops/co-op-party.png"
"PvP Toggle","ui-action","","Toggle player-vs-player combat.","","","ui action","UI action — not crafted.","—","—","Mining & Game UI","mining-ops","pvp-toggle","https://9afbd236-7d37-4308-a43c-ac6aaeefcf0c-00-1ds7vdxuwq1ua.kirk.replit.dev/assets/ui/icons/mining-ops/pvp-toggle.png"
"Mission Log","ui-action","","Open the mission / quest log.","","","ui action","UI action — not crafted.","—","—","Mining & Game UI","mining-ops","mission-log","https://9afbd236-7d37-4308-a43c-ac6aaeefcf0c-00-1ds7vdxuwq1ua.kirk.replit.dev/assets/ui/icons/mining-ops/mission-log.png"
"Projectile Launcher","weapon","weapon","Mounted projectile cannon.","","","craftable recipe","Crafted at a Crafting Bench from refined alloy + components.","—","—","Mining & Game UI","mining-ops","projectile-launcher","https://9afbd236-7d37-4308-a43c-ac6aaeefcf0c-00-1ds7vdxuwq1ua.kirk.replit.dev/assets/ui/icons/mining-ops/projectile-launcher.png"
"AoE Blast","ui-action","","Area-of-effect attack ability.","","","ui action","UI action — not crafted.","—","Demolition — clears rock fast for mining.","Mining & Game UI","mining-ops","aoe-blast","https://9afbd236-7d37-4308-a43c-ac6aaeefcf0c-00-1ds7vdxuwq1ua.kirk.replit.dev/assets/ui/icons/mining-ops/aoe-blast.png"
"Custom Hotkey","ui-action","","Bindable action hotkey.","","","ui action","UI action — not crafted.","—","—","Mining & Game UI","mining-ops","custom-hotkey","https://9afbd236-7d37-4308-a43c-ac6aaeefcf0c-00-1ds7vdxuwq1ua.kirk.replit.dev/assets/ui/icons/mining-ops/custom-hotkey.png"
"Item Creator","station","","Craft custom items.","","","crafting station","Built from metal plates + a power cell; unlocks/levels recipes.","Costs metal + power to build.","—","Mining & Game UI","mining-ops","item-creator","https://9afbd236-7d37-4308-a43c-ac6aaeefcf0c-00-1ds7vdxuwq1ua.kirk.replit.dev/assets/ui/icons/mining-ops/item-creator.png"
"Movement Pad","ui-action","","Directional movement control.","","","ui action","UI action — not crafted.","—","—","Mining & Game UI","mining-ops","movement-pad","https://9afbd236-7d37-4308-a43c-ac6aaeefcf0c-00-1ds7vdxuwq1ua.kirk.replit.dev/assets/ui/icons/mining-ops/movement-pad.png"
"Boss Editor","ui-action","","Design boss enemies.","","","ui action","UI action — not crafted.","—","—","Mining & Game UI","mining-ops","boss-editor","https://9afbd236-7d37-4308-a43c-ac6aaeefcf0c-00-1ds7vdxuwq1ua.kirk.replit.dev/assets/ui/icons/mining-ops/boss-editor.png"
"World Sync","ui-action","","Sync the multiplayer world.","","","ui action","UI action — not crafted.","—","—","Mining & Game UI","mining-ops","world-sync","https://9afbd236-7d37-4308-a43c-ac6aaeefcf0c-00-1ds7vdxuwq1ua.kirk.replit.dev/assets/ui/icons/mining-ops/world-sync.png"
"Damage Log","ui-action","","Combat damage readout.","","","ui action","UI action — not crafted.","—","—","Mining & Game UI","mining-ops","damage-log","https://9afbd236-7d37-4308-a43c-ac6aaeefcf0c-00-1ds7vdxuwq1ua.kirk.replit.dev/assets/ui/icons/mining-ops/damage-log.png"
"Resource Truck","logistics","","Transports bulk resources.","","","buildable logistics","Built from plates / beams via the build menu.","—","Logistics — hauls mined ore from the dig site.","Mining & Game UI","mining-ops","resource-truck","https://9afbd236-7d37-4308-a43c-ac6aaeefcf0c-00-1ds7vdxuwq1ua.kirk.replit.dev/assets/ui/icons/mining-ops/resource-truck.png"
"Safety Gear","wearable","","Mining safety buff (helmet + goggles).","","","craftable recipe","Crafted at a Crafting Bench from refined alloy + components.","—","Mining safety / utility gear.","Mining & Game UI","mining-ops","safety-gear","https://9afbd236-7d37-4308-a43c-ac6aaeefcf0c-00-1ds7vdxuwq1ua.kirk.replit.dev/assets/ui/icons/mining-ops/safety-gear.png"
"Explosive Charge","throwable","","Demolition charge.","","","craftable ordnance","Ordnance — crafted at an Explosives Bench from a casing + charge.","Single-use — consumed on use.","Demolition — clears rock fast for mining.","Mining & Game UI","mining-ops","explosive-charge","https://9afbd236-7d37-4308-a43c-ac6aaeefcf0c-00-1ds7vdxuwq1ua.kirk.replit.dev/assets/ui/icons/mining-ops/explosive-charge.png"
"Elevator Winch","logistics","","Raises / lowers the mine elevator.","","","buildable logistics","Built from plates / beams via the build menu.","—","Logistics — hauls mined ore from the dig site.","Mining & Game UI","mining-ops","elevator-winch","https://9afbd236-7d37-4308-a43c-ac6aaeefcf0c-00-1ds7vdxuwq1ua.kirk.replit.dev/assets/ui/icons/mining-ops/elevator-winch.png"
"Survey Map","navigation","","Reveals the surveyed area.","","","craftable utility","Crafted at a Fabricator from components.","—","—","Mining & Game UI","mining-ops","survey-map","https://9afbd236-7d37-4308-a43c-ac6aaeefcf0c-00-1ds7vdxuwq1ua.kirk.replit.dev/assets/ui/icons/mining-ops/survey-map.png"
"Cave In","ui-action","","Rockfall hazard event.","","","ui action","UI action — not crafted.","—","—","Mining & Game UI","mining-ops","cave-in","https://9afbd236-7d37-4308-a43c-ac6aaeefcf0c-00-1ds7vdxuwq1ua.kirk.replit.dev/assets/ui/icons/mining-ops/cave-in.png"
"Victory Haul","reward","","Loot reward chest.","","","reward (not craftable)","Awarded for quests / achievements — not crafted.","—","—","Mining & Game UI","mining-ops","victory-haul","https://9afbd236-7d37-4308-a43c-ac6aaeefcf0c-00-1ds7vdxuwq1ua.kirk.replit.dev/assets/ui/icons/mining-ops/victory-haul.png"
"Attack","ui-action","","Order units to attack.","","","ui action","UI action — not crafted.","—","—","RTS / RPG Command Actions","command-actions","attack","https://9afbd236-7d37-4308-a43c-ac6aaeefcf0c-00-1ds7vdxuwq1ua.kirk.replit.dev/assets/ui/icons/command-actions/attack.png"
"Move","ui-action","","Order a move.","","","ui action","UI action — not crafted.","—","—","RTS / RPG Command Actions","command-actions","move","https://9afbd236-7d37-4308-a43c-ac6aaeefcf0c-00-1ds7vdxuwq1ua.kirk.replit.dev/assets/ui/icons/command-actions/move.png"
"Stop","ui-action","","Halt current orders.","","","ui action","UI action — not crafted.","—","—","RTS / RPG Command Actions","command-actions","stop","https://9afbd236-7d37-4308-a43c-ac6aaeefcf0c-00-1ds7vdxuwq1ua.kirk.replit.dev/assets/ui/icons/command-actions/stop.png"
"Patrol","ui-action","","Set a patrol route.","","","ui action","UI action — not crafted.","—","—","RTS / RPG Command Actions","command-actions","patrol","https://9afbd236-7d37-4308-a43c-ac6aaeefcf0c-00-1ds7vdxuwq1ua.kirk.replit.dev/assets/ui/icons/command-actions/patrol.png"
"Hold","ui-action","","Hold position.","","","ui action","UI action — not crafted.","—","—","RTS / RPG Command Actions","command-actions","hold","https://9afbd236-7d37-4308-a43c-ac6aaeefcf0c-00-1ds7vdxuwq1ua.kirk.replit.dev/assets/ui/icons/command-actions/hold.png"
"Build","ui-action","","Construct a building.","","","ui action","UI action — not crafted.","—","—","RTS / RPG Command Actions","command-actions","build","https://9afbd236-7d37-4308-a43c-ac6aaeefcf0c-00-1ds7vdxuwq1ua.kirk.replit.dev/assets/ui/icons/command-actions/build.png"
"Inventory","ui-action","","Open the inventory.","","","ui action","UI action — not crafted.","—","—","RTS / RPG Command Actions","command-actions","inventory","https://9afbd236-7d37-4308-a43c-ac6aaeefcf0c-00-1ds7vdxuwq1ua.kirk.replit.dev/assets/ui/icons/command-actions/inventory.png"
"Defend","ui-action","","Defend a position.","","","ui action","UI action — not crafted.","—","—","RTS / RPG Command Actions","command-actions","defend","https://9afbd236-7d37-4308-a43c-ac6aaeefcf0c-00-1ds7vdxuwq1ua.kirk.replit.dev/assets/ui/icons/command-actions/defend.png"
"Retreat","ui-action","","Order a retreat.","","","ui action","UI action — not crafted.","—","—","RTS / RPG Command Actions","command-actions","retreat","https://9afbd236-7d37-4308-a43c-ac6aaeefcf0c-00-1ds7vdxuwq1ua.kirk.replit.dev/assets/ui/icons/command-actions/retreat.png"
"Charge","ui-action","","Charge command.","","","ui action","UI action — not crafted.","—","Demolition — clears rock fast for mining.","RTS / RPG Command Actions","command-actions","charge","https://9afbd236-7d37-4308-a43c-ac6aaeefcf0c-00-1ds7vdxuwq1ua.kirk.replit.dev/assets/ui/icons/command-actions/charge.png"
"Guard","ui-action","","Guard a unit or area.","","","ui action","UI action — not crafted.","—","—","RTS / RPG Command Actions","command-actions","guard","https://9afbd236-7d37-4308-a43c-ac6aaeefcf0c-00-1ds7vdxuwq1ua.kirk.replit.dev/assets/ui/icons/command-actions/guard.png"
"Explore","ui-action","","Scout the map.","","","ui action","UI action — not crafted.","—","Mineable deposit — drops raw resources when mined.","RTS / RPG Command Actions","command-actions","explore","https://9afbd236-7d37-4308-a43c-ac6aaeefcf0c-00-1ds7vdxuwq1ua.kirk.replit.dev/assets/ui/icons/command-actions/explore.png"
"Harvest","ui-action","","Gather resources.","","","ui action","UI action — not crafted.","—","—","RTS / RPG Command Actions","command-actions","harvest","https://9afbd236-7d37-4308-a43c-ac6aaeefcf0c-00-1ds7vdxuwq1ua.kirk.replit.dev/assets/ui/icons/command-actions/harvest.png"
"Trade","ui-action","","Open trade / market.","","","ui action","UI action — not crafted.","—","—","RTS / RPG Command Actions","command-actions","trade","https://9afbd236-7d37-4308-a43c-ac6aaeefcf0c-00-1ds7vdxuwq1ua.kirk.replit.dev/assets/ui/icons/command-actions/trade.png"
"Repair","ui-action","","Repair a unit / structure.","","","ui action","UI action — not crafted.","—","—","RTS / RPG Command Actions","command-actions","repair","https://9afbd236-7d37-4308-a43c-ac6aaeefcf0c-00-1ds7vdxuwq1ua.kirk.replit.dev/assets/ui/icons/command-actions/repair.png"
"Scout","ui-action","","Send a scout.","","","ui action","UI action — not crafted.","—","—","RTS / RPG Command Actions","command-actions","scout","https://9afbd236-7d37-4308-a43c-ac6aaeefcf0c-00-1ds7vdxuwq1ua.kirk.replit.dev/assets/ui/icons/command-actions/scout.png"
"Ambush","ui-action","","Set an ambush.","","","ui action","UI action — not crafted.","—","—","RTS / RPG Command Actions","command-actions","ambush","https://9afbd236-7d37-4308-a43c-ac6aaeefcf0c-00-1ds7vdxuwq1ua.kirk.replit.dev/assets/ui/icons/command-actions/ambush.png"
"Siege","ui-action","","Deploy siege weapons.","","","ui action","UI action — not crafted.","—","—","RTS / RPG Command Actions","command-actions","siege","https://9afbd236-7d37-4308-a43c-ac6aaeefcf0c-00-1ds7vdxuwq1ua.kirk.replit.dev/assets/ui/icons/command-actions/siege.png"
"Rally","ui-action","","Set a rally point.","","","ui action","UI action — not crafted.","—","—","RTS / RPG Command Actions","command-actions","rally","https://9afbd236-7d37-4308-a43c-ac6aaeefcf0c-00-1ds7vdxuwq1ua.kirk.replit.dev/assets/ui/icons/command-actions/rally.png"
"Disband","ui-action","","Disband a group.","","","ui action","UI action — not crafted.","—","—","RTS / RPG Command Actions","command-actions","disband","https://9afbd236-7d37-4308-a43c-ac6aaeefcf0c-00-1ds7vdxuwq1ua.kirk.replit.dev/assets/ui/icons/command-actions/disband.png"
"Loot","ui-action","","Loot a container.","","","ui action","UI action — not crafted.","—","—","RTS / RPG Command Actions","command-actions","loot","https://9afbd236-7d37-4308-a43c-ac6aaeefcf0c-00-1ds7vdxuwq1ua.kirk.replit.dev/assets/ui/icons/command-actions/loot.png"
"Equip","ui-action","","Equip an item.","","","ui action","UI action — not crafted.","—","—","RTS / RPG Command Actions","command-actions","equip","https://9afbd236-7d37-4308-a43c-ac6aaeefcf0c-00-1ds7vdxuwq1ua.kirk.replit.dev/assets/ui/icons/command-actions/equip.png"
"Unequip","ui-action","","Unequip an item.","","","ui action","UI action — not crafted.","—","—","RTS / RPG Command Actions","command-actions","unequip","https://9afbd236-7d37-4308-a43c-ac6aaeefcf0c-00-1ds7vdxuwq1ua.kirk.replit.dev/assets/ui/icons/command-actions/unequip.png"
"Rest","ui-action","","Rest to recover.","","","ui action","UI action — not crafted.","—","—","RTS / RPG Command Actions","command-actions","rest","https://9afbd236-7d37-4308-a43c-ac6aaeefcf0c-00-1ds7vdxuwq1ua.kirk.replit.dev/assets/ui/icons/command-actions/rest.png"
"Pray","ui-action","","Pray / buff action.","","","ui action","UI action — not crafted.","—","—","RTS / RPG Command Actions","command-actions","pray","https://9afbd236-7d37-4308-a43c-ac6aaeefcf0c-00-1ds7vdxuwq1ua.kirk.replit.dev/assets/ui/icons/command-actions/pray.png"
"Stone Block","block","","Building block / crafting material.","","","building material","Crafted/placed building material; stacks in inventory.","Building resource — stack 64.","—","Mining Blocks & Items","mining-blocks","stone-block","https://9afbd236-7d37-4308-a43c-ac6aaeefcf0c-00-1ds7vdxuwq1ua.kirk.replit.dev/assets/ui/icons/mining-blocks/stone-block.png"
"Dirt Block","block","","Building block / crafting material.","","","building material","Crafted/placed building material; stacks in inventory.","Building resource — stack 64.","—","Mining Blocks & Items","mining-blocks","dirt-block","https://9afbd236-7d37-4308-a43c-ac6aaeefcf0c-00-1ds7vdxuwq1ua.kirk.replit.dev/assets/ui/icons/mining-blocks/dirt-block.png"
"Iron Ore","material","","Resource — crafting material.","","","gathered material","Gathered or salvaged, not crafted; used as a crafting ingredient.","Raw ore — smelt into ingots; stack 64.","Mineable deposit — drops raw resources when mined.","Mining Blocks & Items","mining-blocks","iron-ore","https://9afbd236-7d37-4308-a43c-ac6aaeefcf0c-00-1ds7vdxuwq1ua.kirk.replit.dev/assets/ui/icons/mining-blocks/iron-ore.png"
"Gold Ore","material","","Resource — crafting material.","","","gathered material","Gathered or salvaged, not crafted; used as a crafting ingredient.","Raw ore — smelt into ingots; stack 64.","Mineable deposit — drops raw resources when mined.","Mining Blocks & Items","mining-blocks","gold-ore","https://9afbd236-7d37-4308-a43c-ac6aaeefcf0c-00-1ds7vdxuwq1ua.kirk.replit.dev/assets/ui/icons/mining-blocks/gold-ore.png"
"Coal Vein","material","","Resource — crafting material.","","","gathered material","Gathered or salvaged, not crafted; used as a crafting ingredient.","Raw ore — smelt into ingots; stack 64.","Mineable deposit — drops raw resources when mined.","Mining Blocks & Items","mining-blocks","coal-vein","https://9afbd236-7d37-4308-a43c-ac6aaeefcf0c-00-1ds7vdxuwq1ua.kirk.replit.dev/assets/ui/icons/mining-blocks/coal-vein.png"
"Diamond Chunk","material","","Resource — crafting material.","","","gathered material","Gathered or salvaged, not crafted; used as a crafting ingredient.","Rare material — high-value crafting / upgrade; stack 16.","Mineable deposit — drops raw resources when mined.","Mining Blocks & Items","mining-blocks","diamond-chunk","https://9afbd236-7d37-4308-a43c-ac6aaeefcf0c-00-1ds7vdxuwq1ua.kirk.replit.dev/assets/ui/icons/mining-blocks/diamond-chunk.png"
"Wooden Pickaxe","tool","tool","Mining tool — faster ore harvest.","","","craftable recipe","Crafted at a Crafting Bench from refined alloy + components.","—","Mining tool — boosts dig speed & ore yield.","Mining Blocks & Items","mining-blocks","wooden-pickaxe","https://9afbd236-7d37-4308-a43c-ac6aaeefcf0c-00-1ds7vdxuwq1ua.kirk.replit.dev/assets/ui/icons/mining-blocks/wooden-pickaxe.png"
"Iron Shovel","tool","tool","Shovel — fast digging tool.","","","craftable recipe","Crafted at a Crafting Bench from refined alloy + components.","—","—","Mining Blocks & Items","mining-blocks","iron-shovel","https://9afbd236-7d37-4308-a43c-ac6aaeefcf0c-00-1ds7vdxuwq1ua.kirk.replit.dev/assets/ui/icons/mining-blocks/iron-shovel.png"
"Dynamite Stick","item","","Craftable item.","","","craftable recipe","Crafted at a Crafting Bench.","—","Demolition — clears rock fast for mining.","Mining Blocks & Items","mining-blocks","dynamite-stick","https://9afbd236-7d37-4308-a43c-ac6aaeefcf0c-00-1ds7vdxuwq1ua.kirk.replit.dev/assets/ui/icons/mining-blocks/dynamite-stick.png"
"Support Beam","structure","","Structure — load-bearing build piece.","","","buildable structure","Built from plates / beams via the build menu.","Costs metal + power to build.","—","Mining Blocks & Items","mining-blocks","support-beam","https://9afbd236-7d37-4308-a43c-ac6aaeefcf0c-00-1ds7vdxuwq1ua.kirk.replit.dev/assets/ui/icons/mining-blocks/support-beam.png"
"Lantern","utility","","Light source — illuminates caves.","","","craftable utility","Crafted at a Fabricator from components.","—","Mining safety / utility gear.","Mining Blocks & Items","mining-blocks","lantern","https://9afbd236-7d37-4308-a43c-ac6aaeefcf0c-00-1ds7vdxuwq1ua.kirk.replit.dev/assets/ui/icons/mining-blocks/lantern.png"
"Rail Track","weapon","weapon","Firearm — primary ranged weapon.","","","craftable recipe","Crafted at a Crafting Bench from refined alloy + components.","—","Logistics — hauls mined ore from the dig site.","Mining Blocks & Items","mining-blocks","rail-track","https://9afbd236-7d37-4308-a43c-ac6aaeefcf0c-00-1ds7vdxuwq1ua.kirk.replit.dev/assets/ui/icons/mining-blocks/rail-track.png"
"Minecart","logistics","","Logistics — moves resources along rails / belts.","","","buildable logistics","Built from plates / beams via the build menu.","—","Logistics — hauls mined ore from the dig site.","Mining Blocks & Items","mining-blocks","minecart","https://9afbd236-7d37-4308-a43c-ac6aaeefcf0c-00-1ds7vdxuwq1ua.kirk.replit.dev/assets/ui/icons/mining-blocks/minecart.png"
"Elevator Winch","utility","","Traversal — grapple / winch to reach heights.","","","craftable utility","Crafted at a Fabricator from components.","—","Logistics — hauls mined ore from the dig site.","Mining Blocks & Items","mining-blocks","elevator-winch","https://9afbd236-7d37-4308-a43c-ac6aaeefcf0c-00-1ds7vdxuwq1ua.kirk.replit.dev/assets/ui/icons/mining-blocks/elevator-winch.png"
"Drill Head","tool","tool","Mining tool — faster ore harvest.","","","craftable recipe","Crafted at a Crafting Bench from refined alloy + components.","—","Mining tool — boosts dig speed & ore yield.","Mining Blocks & Items","mining-blocks","drill-head","https://9afbd236-7d37-4308-a43c-ac6aaeefcf0c-00-1ds7vdxuwq1ua.kirk.replit.dev/assets/ui/icons/mining-blocks/drill-head.png"
"Explosive Barrel","item","","Craftable item.","","","craftable recipe","Crafted at a Crafting Bench.","—","Demolition — clears rock fast for mining.","Mining Blocks & Items","mining-blocks","explosive-barrel","https://9afbd236-7d37-4308-a43c-ac6aaeefcf0c-00-1ds7vdxuwq1ua.kirk.replit.dev/assets/ui/icons/mining-blocks/explosive-barrel.png"
"Ore Crate","material","","Resource — crafting material.","","","gathered material","Gathered or salvaged, not crafted; used as a crafting ingredient.","Raw ore — smelt into ingots; stack 64.","Mineable deposit — drops raw resources when mined.","Mining Blocks & Items","mining-blocks","ore-crate","https://9afbd236-7d37-4308-a43c-ac6aaeefcf0c-00-1ds7vdxuwq1ua.kirk.replit.dev/assets/ui/icons/mining-blocks/ore-crate.png"
"Safety Helmet","wearable","head","Headgear — protection & utility.","","","craftable recipe","Crafted at a Crafting Bench from refined alloy + components.","—","Mining safety / utility gear.","Mining Blocks & Items","mining-blocks","safety-helmet","https://9afbd236-7d37-4308-a43c-ac6aaeefcf0c-00-1ds7vdxuwq1ua.kirk.replit.dev/assets/ui/icons/mining-blocks/safety-helmet.png"
"Survey Map","navigation","","Map — reveals area / recipe location.","","","craftable utility","Crafted at a Fabricator from components.","—","—","Mining Blocks & Items","mining-blocks","survey-map","https://9afbd236-7d37-4308-a43c-ac6aaeefcf0c-00-1ds7vdxuwq1ua.kirk.replit.dev/assets/ui/icons/mining-blocks/survey-map.png"
"Boss Core","material","","Resource — crafting material.","","","gathered material","Gathered or salvaged, not crafted; used as a crafting ingredient.","Raw ore — smelt into ingots; stack 64.","Mineable deposit — drops raw resources when mined.","Mining Blocks & Items","mining-blocks","boss-core","https://9afbd236-7d37-4308-a43c-ac6aaeefcf0c-00-1ds7vdxuwq1ua.kirk.replit.dev/assets/ui/icons/mining-blocks/boss-core.png"
"Treasure Chest","storage","","Storage container.","","","buildable storage","Built from plates / beams via the build menu.","—","—","Mining Blocks & Items","mining-blocks","treasure-chest","https://9afbd236-7d37-4308-a43c-ac6aaeefcf0c-00-1ds7vdxuwq1ua.kirk.replit.dev/assets/ui/icons/mining-blocks/treasure-chest.png"
"Health Pack","consumable","","Consumable — restores health.","","","craftable consumable","Crafted at a Med Station from medical components.","Single-use — consumed on use.","—","Mining Blocks & Items","mining-blocks","health-pack","https://9afbd236-7d37-4308-a43c-ac6aaeefcf0c-00-1ds7vdxuwq1ua.kirk.replit.dev/assets/ui/icons/mining-blocks/health-pack.png"
"Ammo Crate","storage","","Storage container.","","","buildable storage","Built from plates / beams via the build menu.","—","—","Mining Blocks & Items","mining-blocks","ammo-crate","https://9afbd236-7d37-4308-a43c-ac6aaeefcf0c-00-1ds7vdxuwq1ua.kirk.replit.dev/assets/ui/icons/mining-blocks/ammo-crate.png"
"Victory Trophy","reward","","Reward — quest / achievement payout.","","","reward (not craftable)","Awarded for quests / achievements — not crafted.","—","—","Mining Blocks & Items","mining-blocks","victory-trophy","https://9afbd236-7d37-4308-a43c-ac6aaeefcf0c-00-1ds7vdxuwq1ua.kirk.replit.dev/assets/ui/icons/mining-blocks/victory-trophy.png"
"Cave Mushroom","material","","Resource — crafting material.","","","gathered material","Gathered or salvaged, not crafted; used as a crafting ingredient.","Crafting material; stack 64.","—","Mining Blocks & Items","mining-blocks","cave-mushroom","https://9afbd236-7d37-4308-a43c-ac6aaeefcf0c-00-1ds7vdxuwq1ua.kirk.replit.dev/assets/ui/icons/mining-blocks/cave-mushroom.png"
"Pickaxe","tool","tool","Mining tool — faster ore harvest.","","","craftable recipe","Crafted at a Crafting Bench from refined alloy + components.","—","Mining tool — boosts dig speed & ore yield.","Mining Gear & Stations","mining-gear","pickaxe","https://9afbd236-7d37-4308-a43c-ac6aaeefcf0c-00-1ds7vdxuwq1ua.kirk.replit.dev/assets/ui/icons/mining-gear/pickaxe.png"
"Shovel","tool","tool","Shovel — fast digging tool.","","","craftable recipe","Crafted at a Crafting Bench from refined alloy + components.","—","—","Mining Gear & Stations","mining-gear","shovel","https://9afbd236-7d37-4308-a43c-ac6aaeefcf0c-00-1ds7vdxuwq1ua.kirk.replit.dev/assets/ui/icons/mining-gear/shovel.png"
"Helmet","wearable","head","Headgear — protection & utility.","","","craftable recipe","Crafted at a Crafting Bench from refined alloy + components.","—","Mining safety / utility gear.","Mining Gear & Stations","mining-gear","helmet","https://9afbd236-7d37-4308-a43c-ac6aaeefcf0c-00-1ds7vdxuwq1ua.kirk.replit.dev/assets/ui/icons/mining-gear/helmet.png"
"Lantern","utility","","Light source — illuminates caves.","","","craftable utility","Crafted at a Fabricator from components.","—","Mining safety / utility gear.","Mining Gear & Stations","mining-gear","lantern","https://9afbd236-7d37-4308-a43c-ac6aaeefcf0c-00-1ds7vdxuwq1ua.kirk.replit.dev/assets/ui/icons/mining-gear/lantern.png"
"Backpack","wearable","","Wearable — capacity / protection buff.","","","craftable recipe","Crafted at a Crafting Bench from refined alloy + components.","—","—","Mining Gear & Stations","mining-gear","backpack","https://9afbd236-7d37-4308-a43c-ac6aaeefcf0c-00-1ds7vdxuwq1ua.kirk.replit.dev/assets/ui/icons/mining-gear/backpack.png"
"Mining Bench","station","","Crafting station — unlocks & levels recipes.","","","crafting station","Built from metal plates + a power cell; unlocks/levels recipes.","Costs metal + power to build.","—","Mining Gear & Stations","mining-gear","mining-bench","https://9afbd236-7d37-4308-a43c-ac6aaeefcf0c-00-1ds7vdxuwq1ua.kirk.replit.dev/assets/ui/icons/mining-gear/mining-bench.png"
"Forge","station","","Crafting station — unlocks & levels recipes.","","","crafting station","Built from metal plates + a power cell; unlocks/levels recipes.","Costs metal + power to build.","—","Mining Gear & Stations","mining-gear","forge","https://9afbd236-7d37-4308-a43c-ac6aaeefcf0c-00-1ds7vdxuwq1ua.kirk.replit.dev/assets/ui/icons/mining-gear/forge.png"
"Smelter","station","","Crafting station — unlocks & levels recipes.","","","crafting station","Built from metal plates + a power cell; unlocks/levels recipes.","Costs metal + power to build.","—","Mining Gear & Stations","mining-gear","smelter","https://9afbd236-7d37-4308-a43c-ac6aaeefcf0c-00-1ds7vdxuwq1ua.kirk.replit.dev/assets/ui/icons/mining-gear/smelter.png"
"Drill Rig","station","","Crafting station — unlocks & levels recipes.","","","crafting station","Built from metal plates + a power cell; unlocks/levels recipes.","Costs metal + power to build.","Mining tool — boosts dig speed & ore yield.","Mining Gear & Stations","mining-gear","drill-rig","https://9afbd236-7d37-4308-a43c-ac6aaeefcf0c-00-1ds7vdxuwq1ua.kirk.replit.dev/assets/ui/icons/mining-gear/drill-rig.png"
"Conveyor","logistics","","Logistics — moves resources along rails / belts.","","","buildable logistics","Built from plates / beams via the build menu.","—","Logistics — hauls mined ore from the dig site.","Mining Gear & Stations","mining-gear","conveyor","https://9afbd236-7d37-4308-a43c-ac6aaeefcf0c-00-1ds7vdxuwq1ua.kirk.replit.dev/assets/ui/icons/mining-gear/conveyor.png"
"Explosives Bench","station","","Crafting station — unlocks & levels recipes.","","","crafting station","Built from metal plates + a power cell; unlocks/levels recipes.","Costs metal + power to build.","Demolition — clears rock fast for mining.","Mining Gear & Stations","mining-gear","explosives-bench","https://9afbd236-7d37-4308-a43c-ac6aaeefcf0c-00-1ds7vdxuwq1ua.kirk.replit.dev/assets/ui/icons/mining-gear/explosives-bench.png"
"Armor Stand","station","","Crafting station — unlocks & levels recipes.","","","crafting station","Built from metal plates + a power cell; unlocks/levels recipes.","Costs metal + power to build.","—","Mining Gear & Stations","mining-gear","armor-stand","https://9afbd236-7d37-4308-a43c-ac6aaeefcf0c-00-1ds7vdxuwq1ua.kirk.replit.dev/assets/ui/icons/mining-gear/armor-stand.png"
"Tool Rack","station","","Crafting station — unlocks & levels recipes.","","","crafting station","Built from metal plates + a power cell; unlocks/levels recipes.","Costs metal + power to build.","—","Mining Gear & Stations","mining-gear","tool-rack","https://9afbd236-7d37-4308-a43c-ac6aaeefcf0c-00-1ds7vdxuwq1ua.kirk.replit.dev/assets/ui/icons/mining-gear/tool-rack.png"
"Ammo Crate","storage","","Storage container.","","","buildable storage","Built from plates / beams via the build menu.","—","—","Mining Gear & Stations","mining-gear","ammo-crate","https://9afbd236-7d37-4308-a43c-ac6aaeefcf0c-00-1ds7vdxuwq1ua.kirk.replit.dev/assets/ui/icons/mining-gear/ammo-crate.png"
"Med Kit","consumable","","Consumable — restores health.","","","craftable consumable","Crafted at a Med Station from medical components.","Single-use — consumed on use.","—","Mining Gear & Stations","mining-gear","med-kit","https://9afbd236-7d37-4308-a43c-ac6aaeefcf0c-00-1ds7vdxuwq1ua.kirk.replit.dev/assets/ui/icons/mining-gear/med-kit.png"
"Rail Cart","weapon","weapon","Firearm — primary ranged weapon.","","","craftable recipe","Crafted at a Crafting Bench from refined alloy + components.","—","Logistics — hauls mined ore from the dig site.","Mining Gear & Stations","mining-gear","rail-cart","https://9afbd236-7d37-4308-a43c-ac6aaeefcf0c-00-1ds7vdxuwq1ua.kirk.replit.dev/assets/ui/icons/mining-gear/rail-cart.png"
"Winch","utility","","Traversal — grapple / winch to reach heights.","","","craftable utility","Crafted at a Fabricator from components.","—","Logistics — hauls mined ore from the dig site.","Mining Gear & Stations","mining-gear","winch","https://9afbd236-7d37-4308-a43c-ac6aaeefcf0c-00-1ds7vdxuwq1ua.kirk.replit.dev/assets/ui/icons/mining-gear/winch.png"
"Surveyor Kit","item","","Craftable item.","","","craftable recipe","Crafted at a Crafting Bench.","—","—","Mining Gear & Stations","mining-gear","surveyor-kit","https://9afbd236-7d37-4308-a43c-ac6aaeefcf0c-00-1ds7vdxuwq1ua.kirk.replit.dev/assets/ui/icons/mining-gear/surveyor-kit.png"
"Safety Boots","wearable","feet","Footwear — movement buff.","","","craftable recipe","Crafted at a Crafting Bench from refined alloy + components.","—","Mining safety / utility gear.","Mining Gear & Stations","mining-gear","safety-boots","https://9afbd236-7d37-4308-a43c-ac6aaeefcf0c-00-1ds7vdxuwq1ua.kirk.replit.dev/assets/ui/icons/mining-gear/safety-boots.png"
"Respirator","utility","","Survival — breathe in toxic / low-air zones.","","","craftable utility","Crafted at a Fabricator from components.","—","Mining safety / utility gear.","Mining Gear & Stations","mining-gear","respirator","https://9afbd236-7d37-4308-a43c-ac6aaeefcf0c-00-1ds7vdxuwq1ua.kirk.replit.dev/assets/ui/icons/mining-gear/respirator.png"
"Dynamite Crate","storage","","Storage container.","","","buildable storage","Built from plates / beams via the build menu.","—","Demolition — clears rock fast for mining.","Mining Gear & Stations","mining-gear","dynamite-crate","https://9afbd236-7d37-4308-a43c-ac6aaeefcf0c-00-1ds7vdxuwq1ua.kirk.replit.dev/assets/ui/icons/mining-gear/dynamite-crate.png"
"Ore Refiner","station","","Crafting station — unlocks & levels recipes.","","","crafting station","Built from metal plates + a power cell; unlocks/levels recipes.","Costs metal + power to build.","Mineable deposit — drops raw resources when mined.","Mining Gear & Stations","mining-gear","ore-refiner","https://9afbd236-7d37-4308-a43c-ac6aaeefcf0c-00-1ds7vdxuwq1ua.kirk.replit.dev/assets/ui/icons/mining-gear/ore-refiner.png"
"Power Generator","power","","Power source / fuel for machines.","","","craftable power","Crafted from cells / fuel; powers nearby machines.","Energy resource — consumed as fuel by machines.","—","Mining Gear & Stations","mining-gear","power-generator","https://9afbd236-7d37-4308-a43c-ac6aaeefcf0c-00-1ds7vdxuwq1ua.kirk.replit.dev/assets/ui/icons/mining-gear/power-generator.png"
"Repair Kit","utility","","Air system — ventilation / filtration.","","","craftable utility","Crafted at a Fabricator from components.","—","—","Mining Gear & Stations","mining-gear","repair-kit","https://9afbd236-7d37-4308-a43c-ac6aaeefcf0c-00-1ds7vdxuwq1ua.kirk.replit.dev/assets/ui/icons/mining-gear/repair-kit.png"
"Boss Trophy","reward","","Reward — quest / achievement payout.","","","reward (not craftable)","Awarded for quests / achievements — not crafted.","—","—","Mining Gear & Stations","mining-gear","boss-trophy","https://9afbd236-7d37-4308-a43c-ac6aaeefcf0c-00-1ds7vdxuwq1ua.kirk.replit.dev/assets/ui/icons/mining-gear/boss-trophy.png"
"Crafting Table","station","","Crafting station — unlocks & levels recipes.","","","crafting station","Built from metal plates + a power cell; unlocks/levels recipes.","Costs metal + power to build.","—","Crafting & Sci-fi Stations","crafting-stations","crafting-table","https://9afbd236-7d37-4308-a43c-ac6aaeefcf0c-00-1ds7vdxuwq1ua.kirk.replit.dev/assets/ui/icons/crafting-stations/crafting-table.png"
"Storage Chest","storage","","Storage container.","","","buildable storage","Built from plates / beams via the build menu.","—","—","Crafting & Sci-fi Stations","crafting-stations","storage-chest","https://9afbd236-7d37-4308-a43c-ac6aaeefcf0c-00-1ds7vdxuwq1ua.kirk.replit.dev/assets/ui/icons/crafting-stations/storage-chest.png"
"Upgrade Bench","station","","Crafting station — unlocks & levels recipes.","","","crafting station","Built from metal plates + a power cell; unlocks/levels recipes.","Costs metal + power to build.","—","Crafting & Sci-fi Stations","crafting-stations","upgrade-bench","https://9afbd236-7d37-4308-a43c-ac6aaeefcf0c-00-1ds7vdxuwq1ua.kirk.replit.dev/assets/ui/icons/crafting-stations/upgrade-bench.png"
"Blueprint Table","station","","Crafting station — unlocks & levels recipes.","","","crafting station","Built from metal plates + a power cell; unlocks/levels recipes.","Costs metal + power to build.","—","Crafting & Sci-fi Stations","crafting-stations","blueprint-table","https://9afbd236-7d37-4308-a43c-ac6aaeefcf0c-00-1ds7vdxuwq1ua.kirk.replit.dev/assets/ui/icons/crafting-stations/blueprint-table.png"
"Fuel Depot","station","","Crafting station — unlocks & levels recipes.","","","crafting station","Built from metal plates + a power cell; unlocks/levels recipes.","Costs metal + power to build.","—","Crafting & Sci-fi Stations","crafting-stations","fuel-depot","https://9afbd236-7d37-4308-a43c-ac6aaeefcf0c-00-1ds7vdxuwq1ua.kirk.replit.dev/assets/ui/icons/crafting-stations/fuel-depot.png"
"Jetpack","utility","feet","Movement buff — flight / hover.","","","craftable utility","Crafted at a Fabricator from components.","—","—","Crafting & Sci-fi Stations","crafting-stations","jetpack","https://9afbd236-7d37-4308-a43c-ac6aaeefcf0c-00-1ds7vdxuwq1ua.kirk.replit.dev/assets/ui/icons/crafting-stations/jetpack.png"
"Climbing Gear","utility","","Traversal — grapple / winch to reach heights.","","","craftable utility","Crafted at a Fabricator from components.","—","—","Crafting & Sci-fi Stations","crafting-stations","climbing-gear","https://9afbd236-7d37-4308-a43c-ac6aaeefcf0c-00-1ds7vdxuwq1ua.kirk.replit.dev/assets/ui/icons/crafting-stations/climbing-gear.png"
"Scanner Drone","utility","head","Vision buff — enhanced detection / targeting.","","","craftable utility","Crafted at a Fabricator from components.","—","—","Crafting & Sci-fi Stations","crafting-stations","scanner-drone","https://9afbd236-7d37-4308-a43c-ac6aaeefcf0c-00-1ds7vdxuwq1ua.kirk.replit.dev/assets/ui/icons/crafting-stations/scanner-drone.png"
"Communicator","utility","","Gadget — scouting / comms.","","","craftable utility","Crafted at a Fabricator from components.","—","—","Crafting & Sci-fi Stations","crafting-stations","communicator","https://9afbd236-7d37-4308-a43c-ac6aaeefcf0c-00-1ds7vdxuwq1ua.kirk.replit.dev/assets/ui/icons/crafting-stations/communicator.png"
"Shield Depot","station","","Crafting station — unlocks & levels recipes.","","","crafting station","Built from metal plates + a power cell; unlocks/levels recipes.","Costs metal + power to build.","—","Crafting & Sci-fi Stations","crafting-stations","shield-depot","https://9afbd236-7d37-4308-a43c-ac6aaeefcf0c-00-1ds7vdxuwq1ua.kirk.replit.dev/assets/ui/icons/crafting-stations/shield-depot.png"
"Gold Ingot","material","","Resource — crafting material.","","","gathered material","Gathered or salvaged, not crafted; used as a crafting ingredient.","Refined material — core crafting ingredient; stack 64.","—","Crafting & Sci-fi Stations","crafting-stations","gold-ingot","https://9afbd236-7d37-4308-a43c-ac6aaeefcf0c-00-1ds7vdxuwq1ua.kirk.replit.dev/assets/ui/icons/crafting-stations/gold-ingot.png"
"Diamond Core","material","","Resource — crafting material.","","","gathered material","Gathered or salvaged, not crafted; used as a crafting ingredient.","Raw ore — smelt into ingots; stack 64.","Mineable deposit — drops raw resources when mined.","Crafting & Sci-fi Stations","crafting-stations","diamond-core","https://9afbd236-7d37-4308-a43c-ac6aaeefcf0c-00-1ds7vdxuwq1ua.kirk.replit.dev/assets/ui/icons/crafting-stations/diamond-core.png"
"Explosive Charge","item","","Craftable item.","","","craftable recipe","Crafted at a Crafting Bench.","—","Demolition — clears rock fast for mining.","Crafting & Sci-fi Stations","crafting-stations","explosive-charge","https://9afbd236-7d37-4308-a43c-ac6aaeefcf0c-00-1ds7vdxuwq1ua.kirk.replit.dev/assets/ui/icons/crafting-stations/explosive-charge.png"
"Energy Cell","power","","Power source / fuel for machines.","","","craftable power","Crafted from cells / fuel; powers nearby machines.","Energy resource — consumed as fuel by machines.","—","Crafting & Sci-fi Stations","crafting-stations","energy-cell","https://9afbd236-7d37-4308-a43c-ac6aaeefcf0c-00-1ds7vdxuwq1ua.kirk.replit.dev/assets/ui/icons/crafting-stations/energy-cell.png"
"Map Fragment","throwable","","Throwable — AoE blast.","","","craftable ordnance","Ordnance — crafted at an Explosives Bench from a casing + charge.","Single-use — consumed on use.","—","Crafting & Sci-fi Stations","crafting-stations","map-fragment","https://9afbd236-7d37-4308-a43c-ac6aaeefcf0c-00-1ds7vdxuwq1ua.kirk.replit.dev/assets/ui/icons/crafting-stations/map-fragment.png"
"Assembly Line","logistics","","Logistics — moves resources along rails / belts.","","","buildable logistics","Built from plates / beams via the build menu.","—","—","Crafting & Sci-fi Stations","crafting-stations","assembly-line","https://9afbd236-7d37-4308-a43c-ac6aaeefcf0c-00-1ds7vdxuwq1ua.kirk.replit.dev/assets/ui/icons/crafting-stations/assembly-line.png"
"Smelting Pot","station","","Crafting station — unlocks & levels recipes.","","","crafting station","Built from metal plates + a power cell; unlocks/levels recipes.","Costs metal + power to build.","—","Crafting & Sci-fi Stations","crafting-stations","smelting-pot","https://9afbd236-7d37-4308-a43c-ac6aaeefcf0c-00-1ds7vdxuwq1ua.kirk.replit.dev/assets/ui/icons/crafting-stations/smelting-pot.png"
"Gear Fabricator","station","","Crafting station — unlocks & levels recipes.","","","crafting station","Built from metal plates + a power cell; unlocks/levels recipes.","Costs metal + power to build.","—","Crafting & Sci-fi Stations","crafting-stations","gear-fabricator","https://9afbd236-7d37-4308-a43c-ac6aaeefcf0c-00-1ds7vdxuwq1ua.kirk.replit.dev/assets/ui/icons/crafting-stations/gear-fabricator.png"
"Rail Switch","weapon","weapon","Firearm — primary ranged weapon.","","","craftable recipe","Crafted at a Crafting Bench from refined alloy + components.","—","—","Crafting & Sci-fi Stations","crafting-stations","rail-switch","https://9afbd236-7d37-4308-a43c-ac6aaeefcf0c-00-1ds7vdxuwq1ua.kirk.replit.dev/assets/ui/icons/crafting-stations/rail-switch.png"
"Minecart Track","station","","Crafting station — unlocks & levels recipes.","","","crafting station","Built from metal plates + a power cell; unlocks/levels recipes.","Costs metal + power to build.","Logistics — hauls mined ore from the dig site.","Crafting & Sci-fi Stations","crafting-stations","minecart-track","https://9afbd236-7d37-4308-a43c-ac6aaeefcf0c-00-1ds7vdxuwq1ua.kirk.replit.dev/assets/ui/icons/crafting-stations/minecart-track.png"
"Safety Harness","wearable","chest","Wearable — capacity / protection buff.","","","craftable recipe","Crafted at a Crafting Bench from refined alloy + components.","—","Mining safety / utility gear.","Crafting & Sci-fi Stations","crafting-stations","safety-harness","https://9afbd236-7d37-4308-a43c-ac6aaeefcf0c-00-1ds7vdxuwq1ua.kirk.replit.dev/assets/ui/icons/crafting-stations/safety-harness.png"
"Headlamp Module","utility","","Light source — illuminates caves.","","","craftable utility","Crafted at a Fabricator from components.","—","Mining safety / utility gear.","Crafting & Sci-fi Stations","crafting-stations","headlamp-module","https://9afbd236-7d37-4308-a43c-ac6aaeefcf0c-00-1ds7vdxuwq1ua.kirk.replit.dev/assets/ui/icons/crafting-stations/headlamp-module.png"
"Oxygen Tank","utility","","Survival — breathe in toxic / low-air zones.","","","craftable utility","Crafted at a Fabricator from components.","—","Mining safety / utility gear.","Crafting & Sci-fi Stations","crafting-stations","oxygen-tank","https://9afbd236-7d37-4308-a43c-ac6aaeefcf0c-00-1ds7vdxuwq1ua.kirk.replit.dev/assets/ui/icons/crafting-stations/oxygen-tank.png"
"Repair Hammer","tool","tool","Hammer — build & repair tool.","","","craftable recipe","Crafted at a Crafting Bench from refined alloy + components.","—","Mining tool — boosts dig speed & ore yield.","Crafting & Sci-fi Stations","crafting-stations","repair-hammer","https://9afbd236-7d37-4308-a43c-ac6aaeefcf0c-00-1ds7vdxuwq1ua.kirk.replit.dev/assets/ui/icons/crafting-stations/repair-hammer.png"
"Victory Medal","reward","","Reward — quest / achievement payout.","","","reward (not craftable)","Awarded for quests / achievements — not crafted.","—","—","Crafting & Sci-fi Stations","crafting-stations","victory-medal","https://9afbd236-7d37-4308-a43c-ac6aaeefcf0c-00-1ds7vdxuwq1ua.kirk.replit.dev/assets/ui/icons/crafting-stations/victory-medal.png"
"Welding Torch","tool","tool","Welder — cut & weld metal.","","","craftable recipe","Crafted at a Crafting Bench from refined alloy + components.","—","—","Industrial Gear","industrial-gear","welding-torch","https://9afbd236-7d37-4308-a43c-ac6aaeefcf0c-00-1ds7vdxuwq1ua.kirk.replit.dev/assets/ui/icons/industrial-gear/welding-torch.png"
"Mining Laser","weapon","weapon","Firearm — primary ranged weapon.","","","craftable recipe","Crafted at a Crafting Bench from refined alloy + components.","—","Mining tool — boosts dig speed & ore yield.","Industrial Gear","industrial-gear","mining-laser","https://9afbd236-7d37-4308-a43c-ac6aaeefcf0c-00-1ds7vdxuwq1ua.kirk.replit.dev/assets/ui/icons/industrial-gear/mining-laser.png"
"Reinforced Boots","wearable","feet","Footwear — movement buff.","","","craftable recipe","Crafted at a Crafting Bench from refined alloy + components.","—","—","Industrial Gear","industrial-gear","reinforced-boots","https://9afbd236-7d37-4308-a43c-ac6aaeefcf0c-00-1ds7vdxuwq1ua.kirk.replit.dev/assets/ui/icons/industrial-gear/reinforced-boots.png"
"Cable Reel","utility","","Traversal — grapple / winch to reach heights.","","","craftable utility","Crafted at a Fabricator from components.","—","—","Industrial Gear","industrial-gear","cable-reel","https://9afbd236-7d37-4308-a43c-ac6aaeefcf0c-00-1ds7vdxuwq1ua.kirk.replit.dev/assets/ui/icons/industrial-gear/cable-reel.png"
"Hard Hat","wearable","head","Headgear — protection & utility.","","","craftable recipe","Crafted at a Crafting Bench from refined alloy + components.","—","Mining safety / utility gear.","Industrial Gear","industrial-gear","hard-hat","https://9afbd236-7d37-4308-a43c-ac6aaeefcf0c-00-1ds7vdxuwq1ua.kirk.replit.dev/assets/ui/icons/industrial-gear/hard-hat.png"
"Workbench","station","","Crafting station — unlocks & levels recipes.","","","crafting station","Built from metal plates + a power cell; unlocks/levels recipes.","Costs metal + power to build.","—","Industrial Gear","industrial-gear","workbench","https://9afbd236-7d37-4308-a43c-ac6aaeefcf0c-00-1ds7vdxuwq1ua.kirk.replit.dev/assets/ui/icons/industrial-gear/workbench.png"
"Assembly Bench","station","","Crafting station — unlocks & levels recipes.","","","crafting station","Built from metal plates + a power cell; unlocks/levels recipes.","Costs metal + power to build.","—","Industrial Gear","industrial-gear","assembly-bench","https://9afbd236-7d37-4308-a43c-ac6aaeefcf0c-00-1ds7vdxuwq1ua.kirk.replit.dev/assets/ui/icons/industrial-gear/assembly-bench.png"
"Refinery","station","","Crafting station — unlocks & levels recipes.","","","crafting station","Built from metal plates + a power cell; unlocks/levels recipes.","Costs metal + power to build.","—","Industrial Gear","industrial-gear","refinery","https://9afbd236-7d37-4308-a43c-ac6aaeefcf0c-00-1ds7vdxuwq1ua.kirk.replit.dev/assets/ui/icons/industrial-gear/refinery.png"
"Ore Crusher","station","","Crafting station — unlocks & levels recipes.","","","crafting station","Built from metal plates + a power cell; unlocks/levels recipes.","Costs metal + power to build.","Mineable deposit — drops raw resources when mined.","Industrial Gear","industrial-gear","ore-crusher","https://9afbd236-7d37-4308-a43c-ac6aaeefcf0c-00-1ds7vdxuwq1ua.kirk.replit.dev/assets/ui/icons/industrial-gear/ore-crusher.png"
"Sorting Table","station","","Crafting station — unlocks & levels recipes.","","","crafting station","Built from metal plates + a power cell; unlocks/levels recipes.","Costs metal + power to build.","—","Industrial Gear","industrial-gear","sorting-table","https://9afbd236-7d37-4308-a43c-ac6aaeefcf0c-00-1ds7vdxuwq1ua.kirk.replit.dev/assets/ui/icons/industrial-gear/sorting-table.png"
"First Aid Kit","consumable","","Consumable — restores health.","","","craftable consumable","Crafted at a Med Station from medical components.","Single-use — consumed on use.","—","Industrial Gear","industrial-gear","first-aid-kit","https://9afbd236-7d37-4308-a43c-ac6aaeefcf0c-00-1ds7vdxuwq1ua.kirk.replit.dev/assets/ui/icons/industrial-gear/first-aid-kit.png"
"Stim Pack","consumable","","Consumable — restores health.","","","craftable consumable","Crafted at a Med Station from medical components.","Single-use — consumed on use.","—","Industrial Gear","industrial-gear","stim-pack","https://9afbd236-7d37-4308-a43c-ac6aaeefcf0c-00-1ds7vdxuwq1ua.kirk.replit.dev/assets/ui/icons/industrial-gear/stim-pack.png"
"Grenade Pouch","throwable","","Throwable — AoE blast.","","","craftable ordnance","Ordnance — crafted at an Explosives Bench from a casing + charge.","Single-use — consumed on use.","—","Industrial Gear","industrial-gear","grenade-pouch","https://9afbd236-7d37-4308-a43c-ac6aaeefcf0c-00-1ds7vdxuwq1ua.kirk.replit.dev/assets/ui/icons/industrial-gear/grenade-pouch.png"
"Proximity Mine","trap","","Placed trap — detonates on trigger.","","","craftable ordnance","Ordnance — crafted at an Explosives Bench from a casing + charge.","—","—","Industrial Gear","industrial-gear","proximity-mine","https://9afbd236-7d37-4308-a43c-ac6aaeefcf0c-00-1ds7vdxuwq1ua.kirk.replit.dev/assets/ui/icons/industrial-gear/proximity-mine.png"
"Flare Gun","weapon","weapon","Flare weapon — incendiary signal rounds.","","","craftable recipe","Crafted at a Crafting Bench from refined alloy + components.","—","—","Industrial Gear","industrial-gear","flare-gun","https://9afbd236-7d37-4308-a43c-ac6aaeefcf0c-00-1ds7vdxuwq1ua.kirk.replit.dev/assets/ui/icons/industrial-gear/flare-gun.png"
"Hover Pack","utility","feet","Movement buff — flight / hover.","","","craftable utility","Crafted at a Fabricator from components.","—","—","Industrial Gear","industrial-gear","hover-pack","https://9afbd236-7d37-4308-a43c-ac6aaeefcf0c-00-1ds7vdxuwq1ua.kirk.replit.dev/assets/ui/icons/industrial-gear/hover-pack.png"
"Grappling Hook","utility","","Traversal — grapple / winch to reach heights.","","","craftable utility","Crafted at a Fabricator from components.","—","—","Industrial Gear","industrial-gear","grappling-hook","https://9afbd236-7d37-4308-a43c-ac6aaeefcf0c-00-1ds7vdxuwq1ua.kirk.replit.dev/assets/ui/icons/industrial-gear/grappling-hook.png"
"Night Vision Goggles","utility","head","Vision buff — enhanced detection / targeting.","","","craftable utility","Crafted at a Fabricator from components.","—","Mining safety / utility gear.","Industrial Gear","industrial-gear","night-vision-goggles","https://9afbd236-7d37-4308-a43c-ac6aaeefcf0c-00-1ds7vdxuwq1ua.kirk.replit.dev/assets/ui/icons/industrial-gear/night-vision-goggles.png"
"Ear Protection","utility","","Dampening — cuts recoil / sound for stealth.","","","craftable utility","Crafted at a Fabricator from components.","—","—","Industrial Gear","industrial-gear","ear-protection","https://9afbd236-7d37-4308-a43c-ac6aaeefcf0c-00-1ds7vdxuwq1ua.kirk.replit.dev/assets/ui/icons/industrial-gear/ear-protection.png"
"Knee Pads","wearable","hand","Hand wearable — handling / melee buff.","","","craftable recipe","Crafted at a Crafting Bench from refined alloy + components.","—","—","Industrial Gear","industrial-gear","knee-pads","https://9afbd236-7d37-4308-a43c-ac6aaeefcf0c-00-1ds7vdxuwq1ua.kirk.replit.dev/assets/ui/icons/industrial-gear/knee-pads.png"
"Metal Plate","block","","Building block / crafting material.","","","building material","Crafted/placed building material; stacks in inventory.","Building resource — stack 64.","—","Industrial Gear","industrial-gear","metal-plate","https://9afbd236-7d37-4308-a43c-ac6aaeefcf0c-00-1ds7vdxuwq1ua.kirk.replit.dev/assets/ui/icons/industrial-gear/metal-plate.png"
"Support Strut","structure","","Structure — load-bearing build piece.","","","buildable structure","Built from plates / beams via the build menu.","Costs metal + power to build.","—","Industrial Gear","industrial-gear","support-strut","https://9afbd236-7d37-4308-a43c-ac6aaeefcf0c-00-1ds7vdxuwq1ua.kirk.replit.dev/assets/ui/icons/industrial-gear/support-strut.png"
"Ventilation Fan","utility","","Air system — ventilation / filtration.","","","craftable utility","Crafted at a Fabricator from components.","—","—","Industrial Gear","industrial-gear","ventilation-fan","https://9afbd236-7d37-4308-a43c-ac6aaeefcf0c-00-1ds7vdxuwq1ua.kirk.replit.dev/assets/ui/icons/industrial-gear/ventilation-fan.png"
"Control Panel","station","","Crafting station — unlocks & levels recipes.","","","crafting station","Built from metal plates + a power cell; unlocks/levels recipes.","Costs metal + power to build.","—","Industrial Gear","industrial-gear","control-panel","https://9afbd236-7d37-4308-a43c-ac6aaeefcf0c-00-1ds7vdxuwq1ua.kirk.replit.dev/assets/ui/icons/industrial-gear/control-panel.png"
"Achievement Plaque","reward","","Reward — quest / achievement payout.","","","reward (not craftable)","Awarded for quests / achievements — not crafted.","—","—","Industrial Gear","industrial-gear","achievement-plaque","https://9afbd236-7d37-4308-a43c-ac6aaeefcf0c-00-1ds7vdxuwq1ua.kirk.replit.dev/assets/ui/icons/industrial-gear/achievement-plaque.png"
"Heavy Drill","tool","tool","Mining tool — faster ore harvest.","","","craftable recipe","Crafted at a Crafting Bench from refined alloy + components.","—","Mining tool — boosts dig speed & ore yield.","Heavy Industrial Gear","heavy-gear","heavy-drill","https://9afbd236-7d37-4308-a43c-ac6aaeefcf0c-00-1ds7vdxuwq1ua.kirk.replit.dev/assets/ui/icons/heavy-gear/heavy-drill.png"
"Power Drill","tool","tool","Mining tool — faster ore harvest.","","","craftable recipe","Crafted at a Crafting Bench from refined alloy + components.","—","Mining tool — boosts dig speed & ore yield.","Heavy Industrial Gear","heavy-gear","power-drill","https://9afbd236-7d37-4308-a43c-ac6aaeefcf0c-00-1ds7vdxuwq1ua.kirk.replit.dev/assets/ui/icons/heavy-gear/power-drill.png"
"Respirator Mask","utility","","Survival — breathe in toxic / low-air zones.","","","craftable utility","Crafted at a Fabricator from components.","—","Mining safety / utility gear.","Heavy Industrial Gear","heavy-gear","respirator-mask","https://9afbd236-7d37-4308-a43c-ac6aaeefcf0c-00-1ds7vdxuwq1ua.kirk.replit.dev/assets/ui/icons/heavy-gear/respirator-mask.png"
"Tool Belt","logistics","","Logistics — moves resources along rails / belts.","","","buildable logistics","Built from plates / beams via the build menu.","—","—","Heavy Industrial Gear","heavy-gear","tool-belt","https://9afbd236-7d37-4308-a43c-ac6aaeefcf0c-00-1ds7vdxuwq1ua.kirk.replit.dev/assets/ui/icons/heavy-gear/tool-belt.png"
"Utility Knife","tool","tool","Utility knife — multipurpose tool.","","","craftable recipe","Crafted at a Crafting Bench from refined alloy + components.","—","—","Heavy Industrial Gear","heavy-gear","utility-knife","https://9afbd236-7d37-4308-a43c-ac6aaeefcf0c-00-1ds7vdxuwq1ua.kirk.replit.dev/assets/ui/icons/heavy-gear/utility-knife.png"
"Smelting Forge","station","","Crafting station — unlocks & levels recipes.","","","crafting station","Built from metal plates + a power cell; unlocks/levels recipes.","Costs metal + power to build.","—","Heavy Industrial Gear","heavy-gear","smelting-forge","https://9afbd236-7d37-4308-a43c-ac6aaeefcf0c-00-1ds7vdxuwq1ua.kirk.replit.dev/assets/ui/icons/heavy-gear/smelting-forge.png"
"Fabrication Bench","station","","Crafting station — unlocks & levels recipes.","","","crafting station","Built from metal plates + a power cell; unlocks/levels recipes.","Costs metal + power to build.","—","Heavy Industrial Gear","heavy-gear","fabrication-bench","https://9afbd236-7d37-4308-a43c-ac6aaeefcf0c-00-1ds7vdxuwq1ua.kirk.replit.dev/assets/ui/icons/heavy-gear/fabrication-bench.png"
"Ore Processor","station","","Crafting station — unlocks & levels recipes.","","","crafting station","Built from metal plates + a power cell; unlocks/levels recipes.","Costs metal + power to build.","Mineable deposit — drops raw resources when mined.","Heavy Industrial Gear","heavy-gear","ore-processor","https://9afbd236-7d37-4308-a43c-ac6aaeefcf0c-00-1ds7vdxuwq1ua.kirk.replit.dev/assets/ui/icons/heavy-gear/ore-processor.png"
"Parts Bin","storage","","Storage container.","","","buildable storage","Built from plates / beams via the build menu.","—","—","Heavy Industrial Gear","heavy-gear","parts-bin","https://9afbd236-7d37-4308-a43c-ac6aaeefcf0c-00-1ds7vdxuwq1ua.kirk.replit.dev/assets/ui/icons/heavy-gear/parts-bin.png"
"Calibration Station","station","","Crafting station — unlocks & levels recipes.","","","crafting station","Built from metal plates + a power cell; unlocks/levels recipes.","Costs metal + power to build.","—","Heavy Industrial Gear","heavy-gear","calibration-station","https://9afbd236-7d37-4308-a43c-ac6aaeefcf0c-00-1ds7vdxuwq1ua.kirk.replit.dev/assets/ui/icons/heavy-gear/calibration-station.png"
"Med Station","consumable","","Consumable — restores health.","","","craftable consumable","Crafted at a Med Station from medical components.","Single-use — consumed on use.","—","Heavy Industrial Gear","heavy-gear","med-station","https://9afbd236-7d37-4308-a43c-ac6aaeefcf0c-00-1ds7vdxuwq1ua.kirk.replit.dev/assets/ui/icons/heavy-gear/med-station.png"
"Revive Beacon","beacon","","Revive beacon — respawns a downed ally.","","","craftable utility","Crafted at a Fabricator from components.","—","—","Heavy Industrial Gear","heavy-gear","revive-beacon","https://9afbd236-7d37-4308-a43c-ac6aaeefcf0c-00-1ds7vdxuwq1ua.kirk.replit.dev/assets/ui/icons/heavy-gear/revive-beacon.png"
"Flashbang","throwable","","Throwable — blinds / stuns enemies.","","","craftable ordnance","Ordnance — crafted at an Explosives Bench from a casing + charge.","Single-use — consumed on use.","—","Heavy Industrial Gear","heavy-gear","flashbang","https://9afbd236-7d37-4308-a43c-ac6aaeefcf0c-00-1ds7vdxuwq1ua.kirk.replit.dev/assets/ui/icons/heavy-gear/flashbang.png"
"Trip Mine","trap","","Placed trap — detonates on trigger.","","","craftable ordnance","Ordnance — crafted at an Explosives Bench from a casing + charge.","—","—","Heavy Industrial Gear","heavy-gear","trip-mine","https://9afbd236-7d37-4308-a43c-ac6aaeefcf0c-00-1ds7vdxuwq1ua.kirk.replit.dev/assets/ui/icons/heavy-gear/trip-mine.png"
"Signal Pistol","weapon","weapon","Sidearm — backup gun.","","","craftable recipe","Crafted at a Crafting Bench from refined alloy + components.","—","—","Heavy Industrial Gear","heavy-gear","signal-pistol","https://9afbd236-7d37-4308-a43c-ac6aaeefcf0c-00-1ds7vdxuwq1ua.kirk.replit.dev/assets/ui/icons/heavy-gear/signal-pistol.png"
"Thruster Pack","utility","feet","Movement buff — flight / hover.","","","craftable utility","Crafted at a Fabricator from components.","—","—","Heavy Industrial Gear","heavy-gear","thruster-pack","https://9afbd236-7d37-4308-a43c-ac6aaeefcf0c-00-1ds7vdxuwq1ua.kirk.replit.dev/assets/ui/icons/heavy-gear/thruster-pack.png"
"Anchor Hook","utility","","Traversal — grapple / winch to reach heights.","","","craftable utility","Crafted at a Fabricator from components.","—","—","Heavy Industrial Gear","heavy-gear","anchor-hook","https://9afbd236-7d37-4308-a43c-ac6aaeefcf0c-00-1ds7vdxuwq1ua.kirk.replit.dev/assets/ui/icons/heavy-gear/anchor-hook.png"
"Thermal Goggles","utility","head","Vision buff — enhanced detection / targeting.","","","craftable utility","Crafted at a Fabricator from components.","—","Mining safety / utility gear.","Heavy Industrial Gear","heavy-gear","thermal-goggles","https://9afbd236-7d37-4308-a43c-ac6aaeefcf0c-00-1ds7vdxuwq1ua.kirk.replit.dev/assets/ui/icons/heavy-gear/thermal-goggles.png"
"Sound Dampeners","utility","","Dampening — cuts recoil / sound for stealth.","","","craftable utility","Crafted at a Fabricator from components.","—","—","Heavy Industrial Gear","heavy-gear","sound-dampeners","https://9afbd236-7d37-4308-a43c-ac6aaeefcf0c-00-1ds7vdxuwq1ua.kirk.replit.dev/assets/ui/icons/heavy-gear/sound-dampeners.png"
"Reinforced Gloves","wearable","hand","Hand wearable — handling / melee buff.","","","craftable recipe","Crafted at a Crafting Bench from refined alloy + components.","—","—","Heavy Industrial Gear","heavy-gear","reinforced-gloves","https://9afbd236-7d37-4308-a43c-ac6aaeefcf0c-00-1ds7vdxuwq1ua.kirk.replit.dev/assets/ui/icons/heavy-gear/reinforced-gloves.png"
"Alloy Plate","block","","Building block / crafting material.","","","building material","Crafted/placed building material; stacks in inventory.","Building resource — stack 64.","—","Heavy Industrial Gear","heavy-gear","alloy-plate","https://9afbd236-7d37-4308-a43c-ac6aaeefcf0c-00-1ds7vdxuwq1ua.kirk.replit.dev/assets/ui/icons/heavy-gear/alloy-plate.png"
"Load Bearing Beam","structure","","Structure — load-bearing build piece.","","","buildable structure","Built from plates / beams via the build menu.","Costs metal + power to build.","—","Heavy Industrial Gear","heavy-gear","load-bearing-beam","https://9afbd236-7d37-4308-a43c-ac6aaeefcf0c-00-1ds7vdxuwq1ua.kirk.replit.dev/assets/ui/icons/heavy-gear/load-bearing-beam.png"
"Air Purifier","utility","","Air system — ventilation / filtration.","","","craftable utility","Crafted at a Fabricator from components.","—","—","Heavy Industrial Gear","heavy-gear","air-purifier","https://9afbd236-7d37-4308-a43c-ac6aaeefcf0c-00-1ds7vdxuwq1ua.kirk.replit.dev/assets/ui/icons/heavy-gear/air-purifier.png"
"Command Console","station","","Crafting station — unlocks & levels recipes.","","","crafting station","Built from metal plates + a power cell; unlocks/levels recipes.","Costs metal + power to build.","—","Heavy Industrial Gear","heavy-gear","command-console","https://9afbd236-7d37-4308-a43c-ac6aaeefcf0c-00-1ds7vdxuwq1ua.kirk.replit.dev/assets/ui/icons/heavy-gear/command-console.png"
"Champion Trophy","reward","","Reward — quest / achievement payout.","","","reward (not craftable)","Awarded for quests / achievements — not crafted.","—","—","Heavy Industrial Gear","heavy-gear","champion-trophy","https://9afbd236-7d37-4308-a43c-ac6aaeefcf0c-00-1ds7vdxuwq1ua.kirk.replit.dev/assets/ui/icons/heavy-gear/champion-trophy.png"
"Auto-Drill","tool","tool","Mining tool — faster ore harvest.","Field-Ops","T1","craftable recipe (T1)","Crafted at a Crafting Bench from refined alloy + components (T1 recipe).","—","Mining tool — boosts dig speed & ore yield.","Field-Ops Line (Tier 1)","ops-tier-1","auto-drill","https://9afbd236-7d37-4308-a43c-ac6aaeefcf0c-00-1ds7vdxuwq1ua.kirk.replit.dev/assets/ui/icons/ops-tier-1/auto-drill.png"
"Mining Goggles","utility","head","Vision buff — enhanced detection / targeting.","Field-Ops","T1","research recipe (T1)","Crafted at a Fabricator from components (T1 recipe).","—","Mining safety / utility gear.","Field-Ops Line (Tier 1)","ops-tier-1","mining-goggles","https://9afbd236-7d37-4308-a43c-ac6aaeefcf0c-00-1ds7vdxuwq1ua.kirk.replit.dev/assets/ui/icons/ops-tier-1/mining-goggles.png"
"Utility Vest","wearable","chest","Wearable — capacity / protection buff.","Field-Ops","T1","craftable recipe","Crafted at a Crafting Bench from refined alloy + components (T1 recipe).","—","—","Field-Ops Line (Tier 1)","ops-tier-1","utility-vest","https://9afbd236-7d37-4308-a43c-ac6aaeefcf0c-00-1ds7vdxuwq1ua.kirk.replit.dev/assets/ui/icons/ops-tier-1/utility-vest.png"
"Explosive Launcher","weapon","weapon","Firearm — primary ranged weapon.","Field-Ops","T1","craftable recipe (T1)","Crafted at a Crafting Bench from refined alloy + components (T1 recipe).","—","Demolition — clears rock fast for mining.","Field-Ops Line (Tier 1)","ops-tier-1","explosive-launcher","https://9afbd236-7d37-4308-a43c-ac6aaeefcf0c-00-1ds7vdxuwq1ua.kirk.replit.dev/assets/ui/icons/ops-tier-1/explosive-launcher.png"
"Portable Smelter","station","","Crafting station — unlocks & levels recipes.","Field-Ops","T1","crafting station","Built from metal plates + a power cell; unlocks/levels recipes.","Costs metal + power to build.","—","Field-Ops Line (Tier 1)","ops-tier-1","portable-smelter","https://9afbd236-7d37-4308-a43c-ac6aaeefcf0c-00-1ds7vdxuwq1ua.kirk.replit.dev/assets/ui/icons/ops-tier-1/portable-smelter.png"
"Parts Fabricator","station","","Crafting station — unlocks & levels recipes.","Field-Ops","T1","crafting station","Built from metal plates + a power cell; unlocks/levels recipes.","Costs metal + power to build.","—","Field-Ops Line (Tier 1)","ops-tier-1","parts-fabricator","https://9afbd236-7d37-4308-a43c-ac6aaeefcf0c-00-1ds7vdxuwq1ua.kirk.replit.dev/assets/ui/icons/ops-tier-1/parts-fabricator.png"
"Ore Sorter","station","","Crafting station — unlocks & levels recipes.","Field-Ops","T1","crafting station","Built from metal plates + a power cell; unlocks/levels recipes.","Costs metal + power to build.","Mineable deposit — drops raw resources when mined.","Field-Ops Line (Tier 1)","ops-tier-1","ore-sorter","https://9afbd236-7d37-4308-a43c-ac6aaeefcf0c-00-1ds7vdxuwq1ua.kirk.replit.dev/assets/ui/icons/ops-tier-1/ore-sorter.png"
"Fuel Tank","power","","Power source / fuel for machines.","Field-Ops","T1","craftable power","Crafted from cells / fuel; powers nearby machines.","Energy resource — consumed as fuel by machines.","—","Field-Ops Line (Tier 1)","ops-tier-1","fuel-tank","https://9afbd236-7d37-4308-a43c-ac6aaeefcf0c-00-1ds7vdxuwq1ua.kirk.replit.dev/assets/ui/icons/ops-tier-1/fuel-tank.png"
"Power Cell Charger","power","","Power source / fuel for machines.","Field-Ops","T1","craftable power","Crafted from cells / fuel; powers nearby machines.","Energy resource — consumed as fuel by machines.","Demolition — clears rock fast for mining.","Field-Ops Line (Tier 1)","ops-tier-1","power-cell-charger","https://9afbd236-7d37-4308-a43c-ac6aaeefcf0c-00-1ds7vdxuwq1ua.kirk.replit.dev/assets/ui/icons/ops-tier-1/power-cell-charger.png"
"Blueprint Printer","station","","Crafting station — unlocks & levels recipes.","Field-Ops","T1","crafting station","Built from metal plates + a power cell; unlocks/levels recipes.","Costs metal + power to build.","—","Field-Ops Line (Tier 1)","ops-tier-1","blueprint-printer","https://9afbd236-7d37-4308-a43c-ac6aaeefcf0c-00-1ds7vdxuwq1ua.kirk.replit.dev/assets/ui/icons/ops-tier-1/blueprint-printer.png"
"Trauma Kit","consumable","","Consumable — restores health.","Field-Ops","T1","craftable consumable","Crafted at a Med Station from medical components.","Single-use — consumed on use.","—","Field-Ops Line (Tier 1)","ops-tier-1","trauma-kit","https://9afbd236-7d37-4308-a43c-ac6aaeefcf0c-00-1ds7vdxuwq1ua.kirk.replit.dev/assets/ui/icons/ops-tier-1/trauma-kit.png"
"Defibrillator","consumable","","Consumable — restores health.","Field-Ops","T1","craftable consumable","Crafted at a Med Station from medical components.","Single-use — consumed on use.","—","Field-Ops Line (Tier 1)","ops-tier-1","defibrillator","https://9afbd236-7d37-4308-a43c-ac6aaeefcf0c-00-1ds7vdxuwq1ua.kirk.replit.dev/assets/ui/icons/ops-tier-1/defibrillator.png"
"Smoke Grenade","throwable","","Throwable — smoke screen for cover.","Field-Ops","T1","craftable ordnance","Ordnance — crafted at an Explosives Bench from a casing + charge.","Single-use — consumed on use.","—","Field-Ops Line (Tier 1)","ops-tier-1","smoke-grenade","https://9afbd236-7d37-4308-a43c-ac6aaeefcf0c-00-1ds7vdxuwq1ua.kirk.replit.dev/assets/ui/icons/ops-tier-1/smoke-grenade.png"
"Claymore Mine","trap","","Placed trap — detonates on trigger.","Field-Ops","T1","craftable ordnance","Ordnance — crafted at an Explosives Bench from a casing + charge.","—","Mineable deposit — drops raw resources when mined.","Field-Ops Line (Tier 1)","ops-tier-1","claymore-mine","https://9afbd236-7d37-4308-a43c-ac6aaeefcf0c-00-1ds7vdxuwq1ua.kirk.replit.dev/assets/ui/icons/ops-tier-1/claymore-mine.png"
"Flare Launcher","weapon","weapon","Flare weapon — incendiary signal rounds.","Field-Ops","T1","craftable recipe (T1)","Crafted at a Crafting Bench from refined alloy + components (T1 recipe).","—","—","Field-Ops Line (Tier 1)","ops-tier-1","flare-launcher","https://9afbd236-7d37-4308-a43c-ac6aaeefcf0c-00-1ds7vdxuwq1ua.kirk.replit.dev/assets/ui/icons/ops-tier-1/flare-launcher.png"
"Jet Boots","utility","feet","Movement buff — flight / hover.","Field-Ops","T1","research recipe (T1)","Crafted at a Fabricator from components (T1 recipe).","—","—","Field-Ops Line (Tier 1)","ops-tier-1","jet-boots","https://9afbd236-7d37-4308-a43c-ac6aaeefcf0c-00-1ds7vdxuwq1ua.kirk.replit.dev/assets/ui/icons/ops-tier-1/jet-boots.png"
"Winch Hook","utility","","Traversal — grapple / winch to reach heights.","Field-Ops","T1","research recipe (T1)","Crafted at a Fabricator from components (T1 recipe).","—","Logistics — hauls mined ore from the dig site.","Field-Ops Line (Tier 1)","ops-tier-1","winch-hook","https://9afbd236-7d37-4308-a43c-ac6aaeefcf0c-00-1ds7vdxuwq1ua.kirk.replit.dev/assets/ui/icons/ops-tier-1/winch-hook.png"
"Infrared Goggles","utility","head","Vision buff — enhanced detection / targeting.","Field-Ops","T1","research recipe (T1)","Crafted at a Fabricator from components (T1 recipe).","—","Mining safety / utility gear.","Field-Ops Line (Tier 1)","ops-tier-1","infrared-goggles","https://9afbd236-7d37-4308-a43c-ac6aaeefcf0c-00-1ds7vdxuwq1ua.kirk.replit.dev/assets/ui/icons/ops-tier-1/infrared-goggles.png"
"Noise Cancelers","utility","","Dampening — cuts recoil / sound for stealth.","Field-Ops","T1","research recipe (T1)","Crafted at a Fabricator from components (T1 recipe).","—","—","Field-Ops Line (Tier 1)","ops-tier-1","noise-cancelers","https://9afbd236-7d37-4308-a43c-ac6aaeefcf0c-00-1ds7vdxuwq1ua.kirk.replit.dev/assets/ui/icons/ops-tier-1/noise-cancelers.png"
"Impact Gloves","wearable","hand","Hand wearable — handling / melee buff.","Field-Ops","T1","craftable recipe","Crafted at a Crafting Bench from refined alloy + components (T1 recipe).","—","—","Field-Ops Line (Tier 1)","ops-tier-1","impact-gloves","https://9afbd236-7d37-4308-a43c-ac6aaeefcf0c-00-1ds7vdxuwq1ua.kirk.replit.dev/assets/ui/icons/ops-tier-1/impact-gloves.png"
"Steel Plate","block","","Building block / crafting material.","Field-Ops","T1","building material","Crafted/placed building material; stacks in inventory.","Building resource — stack 64.","—","Field-Ops Line (Tier 1)","ops-tier-1","steel-plate","https://9afbd236-7d37-4308-a43c-ac6aaeefcf0c-00-1ds7vdxuwq1ua.kirk.replit.dev/assets/ui/icons/ops-tier-1/steel-plate.png"
"Support Pillar","structure","","Structure — load-bearing build piece.","Field-Ops","T1","buildable structure","Built from plates / beams via the build menu.","Costs metal + power to build.","—","Field-Ops Line (Tier 1)","ops-tier-1","support-pillar","https://9afbd236-7d37-4308-a43c-ac6aaeefcf0c-00-1ds7vdxuwq1ua.kirk.replit.dev/assets/ui/icons/ops-tier-1/support-pillar.png"
"Exhaust Fan","utility","","Air system — ventilation / filtration.","Field-Ops","T1","research recipe (T1)","Crafted at a Fabricator from components (T1 recipe).","—","—","Field-Ops Line (Tier 1)","ops-tier-1","exhaust-fan","https://9afbd236-7d37-4308-a43c-ac6aaeefcf0c-00-1ds7vdxuwq1ua.kirk.replit.dev/assets/ui/icons/ops-tier-1/exhaust-fan.png"
"Tactical Console","station","","Crafting station — unlocks & levels recipes.","Field-Ops","T1","crafting station","Built from metal plates + a power cell; unlocks/levels recipes.","Costs metal + power to build.","—","Field-Ops Line (Tier 1)","ops-tier-1","tactical-console","https://9afbd236-7d37-4308-a43c-ac6aaeefcf0c-00-1ds7vdxuwq1ua.kirk.replit.dev/assets/ui/icons/ops-tier-1/tactical-console.png"
"Legend Trophy","reward","","Reward — quest / achievement payout.","Field-Ops","T1","reward (not craftable)","Awarded for quests / achievements — not crafted.","—","—","Field-Ops Line (Tier 1)","ops-tier-1","legend-trophy","https://9afbd236-7d37-4308-a43c-ac6aaeefcf0c-00-1ds7vdxuwq1ua.kirk.replit.dev/assets/ui/icons/ops-tier-1/legend-trophy.png"
"Rock Drill","tool","tool","Mining tool — faster ore harvest.","Field-Ops","T2","craftable recipe (T2)","Crafted at a Crafting Bench from refined alloy + components (T2 recipe).","—","Mining tool — boosts dig speed & ore yield.","Field-Ops Line (Tier 2)","ops-tier-2","rock-drill","https://9afbd236-7d37-4308-a43c-ac6aaeefcf0c-00-1ds7vdxuwq1ua.kirk.replit.dev/assets/ui/icons/ops-tier-2/rock-drill.png"
"Surveyor's Compass","utility","","Survey readout — navigation / scan data.","Field-Ops","T2","research recipe (T2)","Crafted at a Fabricator from components (T2 recipe).","—","—","Field-Ops Line (Tier 2)","ops-tier-2","surveyors-compass","https://9afbd236-7d37-4308-a43c-ac6aaeefcf0c-00-1ds7vdxuwq1ua.kirk.replit.dev/assets/ui/icons/ops-tier-2/surveyors-compass.png"
"Climbing Harness","utility","","Traversal — grapple / winch to reach heights.","Field-Ops","T2","research recipe (T2)","Crafted at a Fabricator from components (T2 recipe).","—","—","Field-Ops Line (Tier 2)","ops-tier-2","climbing-harness","https://9afbd236-7d37-4308-a43c-ac6aaeefcf0c-00-1ds7vdxuwq1ua.kirk.replit.dev/assets/ui/icons/ops-tier-2/climbing-harness.png"
"Portable Charger","station","","Crafting station — unlocks & levels recipes.","Field-Ops","T2","crafting station","Built from metal plates + a power cell; unlocks/levels recipes.","Costs metal + power to build.","Demolition — clears rock fast for mining.","Field-Ops Line (Tier 2)","ops-tier-2","portable-charger","https://9afbd236-7d37-4308-a43c-ac6aaeefcf0c-00-1ds7vdxuwq1ua.kirk.replit.dev/assets/ui/icons/ops-tier-2/portable-charger.png"
"Hazard Suit","utility","","Survival — breathe in toxic / low-air zones.","Field-Ops","T2","research recipe (T2)","Crafted at a Fabricator from components (T2 recipe).","—","—","Field-Ops Line (Tier 2)","ops-tier-2","hazard-suit","https://9afbd236-7d37-4308-a43c-ac6aaeefcf0c-00-1ds7vdxuwq1ua.kirk.replit.dev/assets/ui/icons/ops-tier-2/hazard-suit.png"
"Refining Station","station","","Crafting station — unlocks & levels recipes.","Field-Ops","T2","crafting station","Built from metal plates + a power cell; unlocks/levels recipes.","Costs metal + power to build.","—","Field-Ops Line (Tier 2)","ops-tier-2","refining-station","https://9afbd236-7d37-4308-a43c-ac6aaeefcf0c-00-1ds7vdxuwq1ua.kirk.replit.dev/assets/ui/icons/ops-tier-2/refining-station.png"
"Component Bench","station","","Crafting station — unlocks & levels recipes.","Field-Ops","T2","crafting station","Built from metal plates + a power cell; unlocks/levels recipes.","Costs metal + power to build.","—","Field-Ops Line (Tier 2)","ops-tier-2","component-bench","https://9afbd236-7d37-4308-a43c-ac6aaeefcf0c-00-1ds7vdxuwq1ua.kirk.replit.dev/assets/ui/icons/ops-tier-2/component-bench.png"
"Alloy Smelter","station","","Crafting station — unlocks & levels recipes.","Field-Ops","T2","crafting station","Built from metal plates + a power cell; unlocks/levels recipes.","Costs metal + power to build.","—","Field-Ops Line (Tier 2)","ops-tier-2","alloy-smelter","https://9afbd236-7d37-4308-a43c-ac6aaeefcf0c-00-1ds7vdxuwq1ua.kirk.replit.dev/assets/ui/icons/ops-tier-2/alloy-smelter.png"
"Resource Hopper","station","","Crafting station — unlocks & levels recipes.","Field-Ops","T2","crafting station","Built from metal plates + a power cell; unlocks/levels recipes.","Costs metal + power to build.","Logistics — hauls mined ore from the dig site.","Field-Ops Line (Tier 2)","ops-tier-2","resource-hopper","https://9afbd236-7d37-4308-a43c-ac6aaeefcf0c-00-1ds7vdxuwq1ua.kirk.replit.dev/assets/ui/icons/ops-tier-2/resource-hopper.png"
"Precision Lathe","station","","Crafting station — unlocks & levels recipes.","Field-Ops","T2","crafting station","Built from metal plates + a power cell; unlocks/levels recipes.","Costs metal + power to build.","—","Field-Ops Line (Tier 2)","ops-tier-2","precision-lathe","https://9afbd236-7d37-4308-a43c-ac6aaeefcf0c-00-1ds7vdxuwq1ua.kirk.replit.dev/assets/ui/icons/ops-tier-2/precision-lathe.png"
"Healing Drone","consumable","","Consumable — restores health.","Field-Ops","T2","craftable consumable","Crafted at a Med Station from medical components.","Single-use — consumed on use.","—","Field-Ops Line (Tier 2)","ops-tier-2","healing-drone","https://9afbd236-7d37-4308-a43c-ac6aaeefcf0c-00-1ds7vdxuwq1ua.kirk.replit.dev/assets/ui/icons/ops-tier-2/healing-drone.png"
"Revival Pad","beacon","","Revive beacon — respawns a downed ally.","Field-Ops","T2","research recipe (T2)","Crafted at a Fabricator from components (T2 recipe).","—","—","Field-Ops Line (Tier 2)","ops-tier-2","revival-pad","https://9afbd236-7d37-4308-a43c-ac6aaeefcf0c-00-1ds7vdxuwq1ua.kirk.replit.dev/assets/ui/icons/ops-tier-2/revival-pad.png"
"Concussion Grenade","throwable","","Throwable — blinds / stuns enemies.","Field-Ops","T2","craftable ordnance","Ordnance — crafted at an Explosives Bench from a casing + charge.","Single-use — consumed on use.","—","Field-Ops Line (Tier 2)","ops-tier-2","concussion-grenade","https://9afbd236-7d37-4308-a43c-ac6aaeefcf0c-00-1ds7vdxuwq1ua.kirk.replit.dev/assets/ui/icons/ops-tier-2/concussion-grenade.png"
"Pressure Mine","trap","","Placed trap — detonates on trigger.","Field-Ops","T2","craftable ordnance","Ordnance — crafted at an Explosives Bench from a casing + charge.","—","—","Field-Ops Line (Tier 2)","ops-tier-2","pressure-mine","https://9afbd236-7d37-4308-a43c-ac6aaeefcf0c-00-1ds7vdxuwq1ua.kirk.replit.dev/assets/ui/icons/ops-tier-2/pressure-mine.png"
"Distress Beacon","beacon","","Beacon — marker / respawn point.","Field-Ops","T2","research recipe (T2)","Crafted at a Fabricator from components (T2 recipe).","—","—","Field-Ops Line (Tier 2)","ops-tier-2","distress-beacon","https://9afbd236-7d37-4308-a43c-ac6aaeefcf0c-00-1ds7vdxuwq1ua.kirk.replit.dev/assets/ui/icons/ops-tier-2/distress-beacon.png"
"Boost Pack","utility","feet","Movement buff — flight / hover.","Field-Ops","T2","research recipe (T2)","Crafted at a Fabricator from components (T2 recipe).","—","—","Field-Ops Line (Tier 2)","ops-tier-2","boost-pack","https://9afbd236-7d37-4308-a43c-ac6aaeefcf0c-00-1ds7vdxuwq1ua.kirk.replit.dev/assets/ui/icons/ops-tier-2/boost-pack.png"
"Grapple Cable","utility","","Traversal — grapple / winch to reach heights.","Field-Ops","T2","research recipe (T2)","Crafted at a Fabricator from components (T2 recipe).","—","—","Field-Ops Line (Tier 2)","ops-tier-2","grapple-cable","https://9afbd236-7d37-4308-a43c-ac6aaeefcf0c-00-1ds7vdxuwq1ua.kirk.replit.dev/assets/ui/icons/ops-tier-2/grapple-cable.png"
"Heat Vision","utility","head","Vision buff — enhanced detection / targeting.","Field-Ops","T2","research recipe (T2)","Crafted at a Fabricator from components (T2 recipe).","—","—","Field-Ops Line (Tier 2)","ops-tier-2","heat-vision","https://9afbd236-7d37-4308-a43c-ac6aaeefcf0c-00-1ds7vdxuwq1ua.kirk.replit.dev/assets/ui/icons/ops-tier-2/heat-vision.png"
"Acoustic Dampers","utility","","Dampening — cuts recoil / sound for stealth.","Field-Ops","T2","research recipe (T2)","Crafted at a Fabricator from components (T2 recipe).","—","—","Field-Ops Line (Tier 2)","ops-tier-2","acoustic-dampers","https://9afbd236-7d37-4308-a43c-ac6aaeefcf0c-00-1ds7vdxuwq1ua.kirk.replit.dev/assets/ui/icons/ops-tier-2/acoustic-dampers.png"
"Heavy Gauntlets","wearable","hand","Hand wearable — handling / melee buff.","Field-Ops","T2","craftable recipe","Crafted at a Crafting Bench from refined alloy + components (T2 recipe).","—","—","Field-Ops Line (Tier 2)","ops-tier-2","heavy-gauntlets","https://9afbd236-7d37-4308-a43c-ac6aaeefcf0c-00-1ds7vdxuwq1ua.kirk.replit.dev/assets/ui/icons/ops-tier-2/heavy-gauntlets.png"
"Titanium Sheet","block","","Building block / crafting material.","Field-Ops","T2","building material","Crafted/placed building material; stacks in inventory.","Building resource — stack 64.","—","Field-Ops Line (Tier 2)","ops-tier-2","titanium-sheet","https://9afbd236-7d37-4308-a43c-ac6aaeefcf0c-00-1ds7vdxuwq1ua.kirk.replit.dev/assets/ui/icons/ops-tier-2/titanium-sheet.png"
"Support Beam","structure","","Structure — load-bearing build piece.","Field-Ops","T2","buildable structure","Built from plates / beams via the build menu.","Costs metal + power to build.","—","Field-Ops Line (Tier 2)","ops-tier-2","support-beam","https://9afbd236-7d37-4308-a43c-ac6aaeefcf0c-00-1ds7vdxuwq1ua.kirk.replit.dev/assets/ui/icons/ops-tier-2/support-beam.png"
"Air Scrubber","utility","","Air system — ventilation / filtration.","Field-Ops","T2","research recipe (T2)","Crafted at a Fabricator from components (T2 recipe).","—","—","Field-Ops Line (Tier 2)","ops-tier-2","air-scrubber","https://9afbd236-7d37-4308-a43c-ac6aaeefcf0c-00-1ds7vdxuwq1ua.kirk.replit.dev/assets/ui/icons/ops-tier-2/air-scrubber.png"
"Strategy Terminal","station","","Crafting station — unlocks & levels recipes.","Field-Ops","T2","crafting station","Built from metal plates + a power cell; unlocks/levels recipes.","Costs metal + power to build.","—","Field-Ops Line (Tier 2)","ops-tier-2","strategy-terminal","https://9afbd236-7d37-4308-a43c-ac6aaeefcf0c-00-1ds7vdxuwq1ua.kirk.replit.dev/assets/ui/icons/ops-tier-2/strategy-terminal.png"
"Hero Statue","reward","","Reward — quest / achievement payout.","Field-Ops","T2","reward (not craftable)","Awarded for quests / achievements — not crafted.","—","—","Field-Ops Line (Tier 2)","ops-tier-2","hero-statue","https://9afbd236-7d37-4308-a43c-ac6aaeefcf0c-00-1ds7vdxuwq1ua.kirk.replit.dev/assets/ui/icons/ops-tier-2/hero-statue.png"
"Core Drill","tool","tool","Mining tool — faster ore harvest.","Field-Ops","T3","craftable recipe (T3)","Crafted at a Crafting Bench from refined alloy + components (T3 recipe).","—","Mining tool — boosts dig speed & ore yield.","Field-Ops Line (Tier 3)","ops-tier-3","core-drill","https://9afbd236-7d37-4308-a43c-ac6aaeefcf0c-00-1ds7vdxuwq1ua.kirk.replit.dev/assets/ui/icons/ops-tier-3/core-drill.png"
"Depth Gauge","utility","","Survey readout — navigation / scan data.","Field-Ops","T3","research recipe (T3)","Crafted at a Fabricator from components (T3 recipe).","—","—","Field-Ops Line (Tier 3)","ops-tier-3","depth-gauge","https://9afbd236-7d37-4308-a43c-ac6aaeefcf0c-00-1ds7vdxuwq1ua.kirk.replit.dev/assets/ui/icons/ops-tier-3/depth-gauge.png"
"Reinforced Pack","wearable","","Wearable — capacity / protection buff.","Field-Ops","T3","craftable recipe","Crafted at a Crafting Bench from refined alloy + components (T3 recipe).","—","—","Field-Ops Line (Tier 3)","ops-tier-3","reinforced-pack","https://9afbd236-7d37-4308-a43c-ac6aaeefcf0c-00-1ds7vdxuwq1ua.kirk.replit.dev/assets/ui/icons/ops-tier-3/reinforced-pack.png"
"Seismic Hammer","tool","tool","Hammer — build & repair tool.","Field-Ops","T3","craftable recipe (T3)","Crafted at a Crafting Bench from refined alloy + components (T3 recipe).","—","Mining tool — boosts dig speed & ore yield.","Field-Ops Line (Tier 3)","ops-tier-3","seismic-hammer","https://9afbd236-7d37-4308-a43c-ac6aaeefcf0c-00-1ds7vdxuwq1ua.kirk.replit.dev/assets/ui/icons/ops-tier-3/seismic-hammer.png"
"Rescue Beacon","beacon","","Beacon — marker / respawn point.","Field-Ops","T3","research recipe (T3)","Crafted at a Fabricator from components (T3 recipe).","—","—","Field-Ops Line (Tier 3)","ops-tier-3","rescue-beacon","https://9afbd236-7d37-4308-a43c-ac6aaeefcf0c-00-1ds7vdxuwq1ua.kirk.replit.dev/assets/ui/icons/ops-tier-3/rescue-beacon.png"
"Advanced Forge","station","","Crafting station — unlocks & levels recipes.","Field-Ops","T3","crafting station","Built from metal plates + a power cell; unlocks/levels recipes.","Costs metal + power to build.","—","Field-Ops Line (Tier 3)","ops-tier-3","advanced-forge","https://9afbd236-7d37-4308-a43c-ac6aaeefcf0c-00-1ds7vdxuwq1ua.kirk.replit.dev/assets/ui/icons/ops-tier-3/advanced-forge.png"
"Component Printer","station","","Crafting station — unlocks & levels recipes.","Field-Ops","T3","crafting station","Built from metal plates + a power cell; unlocks/levels recipes.","Costs metal + power to build.","—","Field-Ops Line (Tier 3)","ops-tier-3","component-printer","https://9afbd236-7d37-4308-a43c-ac6aaeefcf0c-00-1ds7vdxuwq1ua.kirk.replit.dev/assets/ui/icons/ops-tier-3/component-printer.png"
"Ore Purifier","utility","","Air system — ventilation / filtration.","Field-Ops","T3","research recipe (T3)","Crafted at a Fabricator from components (T3 recipe).","—","Mineable deposit — drops raw resources when mined.","Field-Ops Line (Tier 3)","ops-tier-3","ore-purifier","https://9afbd236-7d37-4308-a43c-ac6aaeefcf0c-00-1ds7vdxuwq1ua.kirk.replit.dev/assets/ui/icons/ops-tier-3/ore-purifier.png"
"Conveyor Junction","logistics","","Logistics — moves resources along rails / belts.","Field-Ops","T3","buildable logistics","Built from plates / beams via the build menu.","—","Logistics — hauls mined ore from the dig site.","Field-Ops Line (Tier 3)","ops-tier-3","conveyor-junction","https://9afbd236-7d37-4308-a43c-ac6aaeefcf0c-00-1ds7vdxuwq1ua.kirk.replit.dev/assets/ui/icons/ops-tier-3/conveyor-junction.png"
"Calibration Rig","station","","Crafting station — unlocks & levels recipes.","Field-Ops","T3","crafting station","Built from metal plates + a power cell; unlocks/levels recipes.","Costs metal + power to build.","—","Field-Ops Line (Tier 3)","ops-tier-3","calibration-rig","https://9afbd236-7d37-4308-a43c-ac6aaeefcf0c-00-1ds7vdxuwq1ua.kirk.replit.dev/assets/ui/icons/ops-tier-3/calibration-rig.png"
"Nano Medkit","consumable","","Consumable — restores health.","Field-Ops","T3","craftable consumable","Crafted at a Med Station from medical components.","Single-use — consumed on use.","—","Field-Ops Line (Tier 3)","ops-tier-3","nano-medkit","https://9afbd236-7d37-4308-a43c-ac6aaeefcf0c-00-1ds7vdxuwq1ua.kirk.replit.dev/assets/ui/icons/ops-tier-3/nano-medkit.png"
"Auto-Reviver","beacon","","Revive beacon — respawns a downed ally.","Field-Ops","T3","research recipe (T3)","Crafted at a Fabricator from components (T3 recipe).","—","—","Field-Ops Line (Tier 3)","ops-tier-3","auto-reviver","https://9afbd236-7d37-4308-a43c-ac6aaeefcf0c-00-1ds7vdxuwq1ua.kirk.replit.dev/assets/ui/icons/ops-tier-3/auto-reviver.png"
"EMP Grenade","throwable","","Throwable — disables electronics / shields.","Field-Ops","T3","craftable ordnance","Ordnance — crafted at an Explosives Bench from a casing + charge.","Single-use — consumed on use.","—","Field-Ops Line (Tier 3)","ops-tier-3","emp-grenade","https://9afbd236-7d37-4308-a43c-ac6aaeefcf0c-00-1ds7vdxuwq1ua.kirk.replit.dev/assets/ui/icons/ops-tier-3/emp-grenade.png"
"Seismic Mine","trap","","Placed trap — detonates on trigger.","Field-Ops","T3","craftable ordnance","Ordnance — crafted at an Explosives Bench from a casing + charge.","—","Mining tool — boosts dig speed & ore yield.","Field-Ops Line (Tier 3)","ops-tier-3","seismic-mine","https://9afbd236-7d37-4308-a43c-ac6aaeefcf0c-00-1ds7vdxuwq1ua.kirk.replit.dev/assets/ui/icons/ops-tier-3/seismic-mine.png"
"Emergency Flare","utility","","Signal flare — marks a location.","Field-Ops","T3","research recipe (T3)","Crafted at a Fabricator from components (T3 recipe).","—","—","Field-Ops Line (Tier 3)","ops-tier-3","emergency-flare","https://9afbd236-7d37-4308-a43c-ac6aaeefcf0c-00-1ds7vdxuwq1ua.kirk.replit.dev/assets/ui/icons/ops-tier-3/emergency-flare.png"
"Rocket Boots","wearable","feet","Footwear — movement buff.","Field-Ops","T3","craftable recipe","Crafted at a Crafting Bench from refined alloy + components (T3 recipe).","—","—","Field-Ops Line (Tier 3)","ops-tier-3","rocket-boots","https://9afbd236-7d37-4308-a43c-ac6aaeefcf0c-00-1ds7vdxuwq1ua.kirk.replit.dev/assets/ui/icons/ops-tier-3/rocket-boots.png"
"Magnetic Hook","utility","","Traversal — grapple / winch to reach heights.","Field-Ops","T3","research recipe (T3)","Crafted at a Fabricator from components (T3 recipe).","—","—","Field-Ops Line (Tier 3)","ops-tier-3","magnetic-hook","https://9afbd236-7d37-4308-a43c-ac6aaeefcf0c-00-1ds7vdxuwq1ua.kirk.replit.dev/assets/ui/icons/ops-tier-3/magnetic-hook.png"
"Vision Enhancer","utility","head","Vision buff — enhanced detection / targeting.","Field-Ops","T3","research recipe (T3)","Crafted at a Fabricator from components (T3 recipe).","—","—","Field-Ops Line (Tier 3)","ops-tier-3","vision-enhancer","https://9afbd236-7d37-4308-a43c-ac6aaeefcf0c-00-1ds7vdxuwq1ua.kirk.replit.dev/assets/ui/icons/ops-tier-3/vision-enhancer.png"
"Vibration Dampers","utility","","Dampening — cuts recoil / sound for stealth.","Field-Ops","T3","research recipe (T3)","Crafted at a Fabricator from components (T3 recipe).","—","—","Field-Ops Line (Tier 3)","ops-tier-3","vibration-dampers","https://9afbd236-7d37-4308-a43c-ac6aaeefcf0c-00-1ds7vdxuwq1ua.kirk.replit.dev/assets/ui/icons/ops-tier-3/vibration-dampers.png"
"Shock Gauntlets","wearable","hand","Hand wearable — handling / melee buff.","Field-Ops","T3","craftable recipe","Crafted at a Crafting Bench from refined alloy + components (T3 recipe).","—","—","Field-Ops Line (Tier 3)","ops-tier-3","shock-gauntlets","https://9afbd236-7d37-4308-a43c-ac6aaeefcf0c-00-1ds7vdxuwq1ua.kirk.replit.dev/assets/ui/icons/ops-tier-3/shock-gauntlets.png"
"Reinforced Plate","block","","Building block / crafting material.","Field-Ops","T3","building material","Crafted/placed building material; stacks in inventory.","Building resource — stack 64.","—","Field-Ops Line (Tier 3)","ops-tier-3","reinforced-plate","https://9afbd236-7d37-4308-a43c-ac6aaeefcf0c-00-1ds7vdxuwq1ua.kirk.replit.dev/assets/ui/icons/ops-tier-3/reinforced-plate.png"
"Structural Beam","structure","","Structure — load-bearing build piece.","Field-Ops","T3","buildable structure","Built from plates / beams via the build menu.","Costs metal + power to build.","—","Field-Ops Line (Tier 3)","ops-tier-3","structural-beam","https://9afbd236-7d37-4308-a43c-ac6aaeefcf0c-00-1ds7vdxuwq1ua.kirk.replit.dev/assets/ui/icons/ops-tier-3/structural-beam.png"
"Ventilation Unit","utility","","Air system — ventilation / filtration.","Field-Ops","T3","research recipe (T3)","Crafted at a Fabricator from components (T3 recipe).","—","—","Field-Ops Line (Tier 3)","ops-tier-3","ventilation-unit","https://9afbd236-7d37-4308-a43c-ac6aaeefcf0c-00-1ds7vdxuwq1ua.kirk.replit.dev/assets/ui/icons/ops-tier-3/ventilation-unit.png"
"Mission Terminal","station","","Crafting station — unlocks & levels recipes.","Field-Ops","T3","crafting station","Built from metal plates + a power cell; unlocks/levels recipes.","Costs metal + power to build.","—","Field-Ops Line (Tier 3)","ops-tier-3","mission-terminal","https://9afbd236-7d37-4308-a43c-ac6aaeefcf0c-00-1ds7vdxuwq1ua.kirk.replit.dev/assets/ui/icons/ops-tier-3/mission-terminal.png"
"Master Trophy","reward","","Reward — quest / achievement payout.","Field-Ops","T3","reward (not craftable)","Awarded for quests / achievements — not crafted.","—","—","Field-Ops Line (Tier 3)","ops-tier-3","master-trophy","https://9afbd236-7d37-4308-a43c-ac6aaeefcf0c-00-1ds7vdxuwq1ua.kirk.replit.dev/assets/ui/icons/ops-tier-3/master-trophy.png"
"Sonic Drill","tool","tool","Mining tool — faster ore harvest.","Field-Ops","T4","craftable recipe (T4)","Crafted at a Crafting Bench from refined alloy + components (T4 recipe).","—","Mining tool — boosts dig speed & ore yield.","Field-Ops Line (Tier 4)","ops-tier-4","sonic-drill","https://9afbd236-7d37-4308-a43c-ac6aaeefcf0c-00-1ds7vdxuwq1ua.kirk.replit.dev/assets/ui/icons/ops-tier-4/sonic-drill.png"
"Pressure Gauge","station","","Crafting station — unlocks & levels recipes.","Field-Ops","T4","crafting station","Built from metal plates + a power cell; unlocks/levels recipes.","Costs metal + power to build.","—","Field-Ops Line (Tier 4)","ops-tier-4","pressure-gauge","https://9afbd236-7d37-4308-a43c-ac6aaeefcf0c-00-1ds7vdxuwq1ua.kirk.replit.dev/assets/ui/icons/ops-tier-4/pressure-gauge.png"
"Load Vest","wearable","chest","Wearable — capacity / protection buff.","Field-Ops","T4","craftable recipe","Crafted at a Crafting Bench from refined alloy + components (T4 recipe).","—","—","Field-Ops Line (Tier 4)","ops-tier-4","load-vest","https://9afbd236-7d37-4308-a43c-ac6aaeefcf0c-00-1ds7vdxuwq1ua.kirk.replit.dev/assets/ui/icons/ops-tier-4/load-vest.png"
"Hammer Drill","tool","tool","Hammer — build & repair tool.","Field-Ops","T4","craftable recipe (T4)","Crafted at a Crafting Bench from refined alloy + components (T4 recipe).","—","Mining tool — boosts dig speed & ore yield.","Field-Ops Line (Tier 4)","ops-tier-4","hammer-drill","https://9afbd236-7d37-4308-a43c-ac6aaeefcf0c-00-1ds7vdxuwq1ua.kirk.replit.dev/assets/ui/icons/ops-tier-4/hammer-drill.png"
"Emergency Beacon","beacon","","Beacon — marker / respawn point.","Field-Ops","T4","research recipe (T4)","Crafted at a Fabricator from components (T4 recipe).","—","—","Field-Ops Line (Tier 4)","ops-tier-4","emergency-beacon","https://9afbd236-7d37-4308-a43c-ac6aaeefcf0c-00-1ds7vdxuwq1ua.kirk.replit.dev/assets/ui/icons/ops-tier-4/emergency-beacon.png"
"Alloy Press","station","","Crafting station — unlocks & levels recipes.","Field-Ops","T4","crafting station","Built from metal plates + a power cell; unlocks/levels recipes.","Costs metal + power to build.","—","Field-Ops Line (Tier 4)","ops-tier-4","alloy-press","https://9afbd236-7d37-4308-a43c-ac6aaeefcf0c-00-1ds7vdxuwq1ua.kirk.replit.dev/assets/ui/icons/ops-tier-4/alloy-press.png"
"Module Bench","station","","Crafting station — unlocks & levels recipes.","Field-Ops","T4","crafting station","Built from metal plates + a power cell; unlocks/levels recipes.","Costs metal + power to build.","—","Field-Ops Line (Tier 4)","ops-tier-4","module-bench","https://9afbd236-7d37-4308-a43c-ac6aaeefcf0c-00-1ds7vdxuwq1ua.kirk.replit.dev/assets/ui/icons/ops-tier-4/module-bench.png"
"Crystal Refiner","station","","Crafting station — unlocks & levels recipes.","Field-Ops","T4","crafting station","Built from metal plates + a power cell; unlocks/levels recipes.","Costs metal + power to build.","—","Field-Ops Line (Tier 4)","ops-tier-4","crystal-refiner","https://9afbd236-7d37-4308-a43c-ac6aaeefcf0c-00-1ds7vdxuwq1ua.kirk.replit.dev/assets/ui/icons/ops-tier-4/crystal-refiner.png"
"Belt Junction","logistics","","Logistics — moves resources along rails / belts.","Field-Ops","T4","buildable logistics","Built from plates / beams via the build menu.","—","—","Field-Ops Line (Tier 4)","ops-tier-4","belt-junction","https://9afbd236-7d37-4308-a43c-ac6aaeefcf0c-00-1ds7vdxuwq1ua.kirk.replit.dev/assets/ui/icons/ops-tier-4/belt-junction.png"
"Diagnostic Station","station","","Crafting station — unlocks & levels recipes.","Field-Ops","T4","crafting station","Built from metal plates + a power cell; unlocks/levels recipes.","Costs metal + power to build.","—","Field-Ops Line (Tier 4)","ops-tier-4","diagnostic-station","https://9afbd236-7d37-4308-a43c-ac6aaeefcf0c-00-1ds7vdxuwq1ua.kirk.replit.dev/assets/ui/icons/ops-tier-4/diagnostic-station.png"
"Regen Pack","consumable","","Consumable — restores health.","Field-Ops","T4","craftable consumable","Crafted at a Med Station from medical components.","Single-use — consumed on use.","—","Field-Ops Line (Tier 4)","ops-tier-4","regen-pack","https://9afbd236-7d37-4308-a43c-ac6aaeefcf0c-00-1ds7vdxuwq1ua.kirk.replit.dev/assets/ui/icons/ops-tier-4/regen-pack.png"
"Auto-Injector","consumable","","Consumable — restores health.","Field-Ops","T4","craftable consumable","Crafted at a Med Station from medical components.","Single-use — consumed on use.","—","Field-Ops Line (Tier 4)","ops-tier-4","auto-injector","https://9afbd236-7d37-4308-a43c-ac6aaeefcf0c-00-1ds7vdxuwq1ua.kirk.replit.dev/assets/ui/icons/ops-tier-4/auto-injector.png"
"Stun Grenade","throwable","","Throwable — blinds / stuns enemies.","Field-Ops","T4","craftable ordnance","Ordnance — crafted at an Explosives Bench from a casing + charge.","Single-use — consumed on use.","—","Field-Ops Line (Tier 4)","ops-tier-4","stun-grenade","https://9afbd236-7d37-4308-a43c-ac6aaeefcf0c-00-1ds7vdxuwq1ua.kirk.replit.dev/assets/ui/icons/ops-tier-4/stun-grenade.png"
"Remote Mine","trap","","Placed trap — detonates on trigger.","Field-Ops","T4","craftable ordnance","Ordnance — crafted at an Explosives Bench from a casing + charge.","—","—","Field-Ops Line (Tier 4)","ops-tier-4","remote-mine","https://9afbd236-7d37-4308-a43c-ac6aaeefcf0c-00-1ds7vdxuwq1ua.kirk.replit.dev/assets/ui/icons/ops-tier-4/remote-mine.png"
"Flare Cannon","weapon","weapon","Flare weapon — incendiary signal rounds.","Field-Ops","T4","craftable recipe (T4)","Crafted at a Crafting Bench from refined alloy + components (T4 recipe).","—","—","Field-Ops Line (Tier 4)","ops-tier-4","flare-cannon","https://9afbd236-7d37-4308-a43c-ac6aaeefcf0c-00-1ds7vdxuwq1ua.kirk.replit.dev/assets/ui/icons/ops-tier-4/flare-cannon.png"
"Flight Pack","utility","feet","Movement buff — flight / hover.","Field-Ops","T4","research recipe (T4)","Crafted at a Fabricator from components (T4 recipe).","—","—","Field-Ops Line (Tier 4)","ops-tier-4","flight-pack","https://9afbd236-7d37-4308-a43c-ac6aaeefcf0c-00-1ds7vdxuwq1ua.kirk.replit.dev/assets/ui/icons/ops-tier-4/flight-pack.png"
"Chain Hook","utility","","Traversal — grapple / winch to reach heights.","Field-Ops","T4","research recipe (T4)","Crafted at a Fabricator from components (T4 recipe).","—","—","Field-Ops Line (Tier 4)","ops-tier-4","chain-hook","https://9afbd236-7d37-4308-a43c-ac6aaeefcf0c-00-1ds7vdxuwq1ua.kirk.replit.dev/assets/ui/icons/ops-tier-4/chain-hook.png"
"Spectrum Goggles","utility","head","Vision buff — enhanced detection / targeting.","Field-Ops","T4","research recipe (T4)","Crafted at a Fabricator from components (T4 recipe).","—","Mining safety / utility gear.","Field-Ops Line (Tier 4)","ops-tier-4","spectrum-goggles","https://9afbd236-7d37-4308-a43c-ac6aaeefcf0c-00-1ds7vdxuwq1ua.kirk.replit.dev/assets/ui/icons/ops-tier-4/spectrum-goggles.png"
"Echo Dampers","utility","","Dampening — cuts recoil / sound for stealth.","Field-Ops","T4","research recipe (T4)","Crafted at a Fabricator from components (T4 recipe).","—","—","Field-Ops Line (Tier 4)","ops-tier-4","echo-dampers","https://9afbd236-7d37-4308-a43c-ac6aaeefcf0c-00-1ds7vdxuwq1ua.kirk.replit.dev/assets/ui/icons/ops-tier-4/echo-dampers.png"
"Plasma Gauntlets","wearable","hand","Hand wearable — handling / melee buff.","Field-Ops","T4","craftable recipe","Crafted at a Crafting Bench from refined alloy + components (T4 recipe).","—","—","Field-Ops Line (Tier 4)","ops-tier-4","plasma-gauntlets","https://9afbd236-7d37-4308-a43c-ac6aaeefcf0c-00-1ds7vdxuwq1ua.kirk.replit.dev/assets/ui/icons/ops-tier-4/plasma-gauntlets.png"
"Carbon Plate","block","","Building block / crafting material.","Field-Ops","T4","building material","Crafted/placed building material; stacks in inventory.","Building resource — stack 64.","—","Field-Ops Line (Tier 4)","ops-tier-4","carbon-plate","https://9afbd236-7d37-4308-a43c-ac6aaeefcf0c-00-1ds7vdxuwq1ua.kirk.replit.dev/assets/ui/icons/ops-tier-4/carbon-plate.png"
"I-Beam","structure","","Structure — load-bearing build piece.","Field-Ops","T4","buildable structure","Built from plates / beams via the build menu.","Costs metal + power to build.","—","Field-Ops Line (Tier 4)","ops-tier-4","i-beam","https://9afbd236-7d37-4308-a43c-ac6aaeefcf0c-00-1ds7vdxuwq1ua.kirk.replit.dev/assets/ui/icons/ops-tier-4/i-beam.png"
"Air Recycler","utility","","Air system — ventilation / filtration.","Field-Ops","T4","research recipe (T4)","Crafted at a Fabricator from components (T4 recipe).","—","—","Field-Ops Line (Tier 4)","ops-tier-4","air-recycler","https://9afbd236-7d37-4308-a43c-ac6aaeefcf0c-00-1ds7vdxuwq1ua.kirk.replit.dev/assets/ui/icons/ops-tier-4/air-recycler.png"
"Command Center","station","","Crafting station — unlocks & levels recipes.","Field-Ops","T4","crafting station","Built from metal plates + a power cell; unlocks/levels recipes.","Costs metal + power to build.","—","Field-Ops Line (Tier 4)","ops-tier-4","command-center","https://9afbd236-7d37-4308-a43c-ac6aaeefcf0c-00-1ds7vdxuwq1ua.kirk.replit.dev/assets/ui/icons/ops-tier-4/command-center.png"
"Legend Award","reward","","Reward — quest / achievement payout.","Field-Ops","T4","reward (not craftable)","Awarded for quests / achievements — not crafted.","—","—","Field-Ops Line (Tier 4)","ops-tier-4","legend-award","https://9afbd236-7d37-4308-a43c-ac6aaeefcf0c-00-1ds7vdxuwq1ua.kirk.replit.dev/assets/ui/icons/ops-tier-4/legend-award.png"
"Plasma Drill","tool","tool","Mining tool — faster ore harvest.","Field-Ops","T5","craftable recipe (T5)","Crafted at a Crafting Bench from refined alloy + components (T5 recipe).","—","Mining tool — boosts dig speed & ore yield.","Field-Ops Line (Tier 5)","ops-tier-5","plasma-drill","https://9afbd236-7d37-4308-a43c-ac6aaeefcf0c-00-1ds7vdxuwq1ua.kirk.replit.dev/assets/ui/icons/ops-tier-5/plasma-drill.png"
"Barometer","utility","","Survey readout — navigation / scan data.","Field-Ops","T5","research recipe (T5)","Crafted at a Fabricator from components (T5 recipe).","—","—","Field-Ops Line (Tier 5)","ops-tier-5","barometer","https://9afbd236-7d37-4308-a43c-ac6aaeefcf0c-00-1ds7vdxuwq1ua.kirk.replit.dev/assets/ui/icons/ops-tier-5/barometer.png"
"Cargo Vest","wearable","chest","Wearable — capacity / protection buff.","Field-Ops","T5","craftable recipe","Crafted at a Crafting Bench from refined alloy + components (T5 recipe).","—","—","Field-Ops Line (Tier 5)","ops-tier-5","cargo-vest","https://9afbd236-7d37-4308-a43c-ac6aaeefcf0c-00-1ds7vdxuwq1ua.kirk.replit.dev/assets/ui/icons/ops-tier-5/cargo-vest.png"
"Impact Hammer","tool","tool","Hammer — build & repair tool.","Field-Ops","T5","craftable recipe (T5)","Crafted at a Crafting Bench from refined alloy + components (T5 recipe).","—","Mining tool — boosts dig speed & ore yield.","Field-Ops Line (Tier 5)","ops-tier-5","impact-hammer","https://9afbd236-7d37-4308-a43c-ac6aaeefcf0c-00-1ds7vdxuwq1ua.kirk.replit.dev/assets/ui/icons/ops-tier-5/impact-hammer.png"
"Locator Beacon","beacon","","Beacon — marker / respawn point.","Field-Ops","T5","research recipe (T5)","Crafted at a Fabricator from components (T5 recipe).","—","—","Field-Ops Line (Tier 5)","ops-tier-5","locator-beacon","https://9afbd236-7d37-4308-a43c-ac6aaeefcf0c-00-1ds7vdxuwq1ua.kirk.replit.dev/assets/ui/icons/ops-tier-5/locator-beacon.png"
"Metal Press","station","","Crafting station — unlocks & levels recipes.","Field-Ops","T5","crafting station","Built from metal plates + a power cell; unlocks/levels recipes.","Costs metal + power to build.","—","Field-Ops Line (Tier 5)","ops-tier-5","metal-press","https://9afbd236-7d37-4308-a43c-ac6aaeefcf0c-00-1ds7vdxuwq1ua.kirk.replit.dev/assets/ui/icons/ops-tier-5/metal-press.png"
"Upgrade Bench","station","","Crafting station — unlocks & levels recipes.","Field-Ops","T5","crafting station","Built from metal plates + a power cell; unlocks/levels recipes.","Costs metal + power to build.","—","Field-Ops Line (Tier 5)","ops-tier-5","upgrade-bench","https://9afbd236-7d37-4308-a43c-ac6aaeefcf0c-00-1ds7vdxuwq1ua.kirk.replit.dev/assets/ui/icons/ops-tier-5/upgrade-bench.png"
"Gem Refiner","station","","Crafting station — unlocks & levels recipes.","Field-Ops","T5","crafting station","Built from metal plates + a power cell; unlocks/levels recipes.","Costs metal + power to build.","Mineable deposit — drops raw resources when mined.","Field-Ops Line (Tier 5)","ops-tier-5","gem-refiner","https://9afbd236-7d37-4308-a43c-ac6aaeefcf0c-00-1ds7vdxuwq1ua.kirk.replit.dev/assets/ui/icons/ops-tier-5/gem-refiner.png"
"Rail Splitter","weapon","weapon","Firearm — primary ranged weapon.","Field-Ops","T5","craftable recipe (T5)","Crafted at a Crafting Bench from refined alloy + components (T5 recipe).","—","—","Field-Ops Line (Tier 5)","ops-tier-5","rail-splitter","https://9afbd236-7d37-4308-a43c-ac6aaeefcf0c-00-1ds7vdxuwq1ua.kirk.replit.dev/assets/ui/icons/ops-tier-5/rail-splitter.png"
"Test Bench","station","","Crafting station — unlocks & levels recipes.","Field-Ops","T5","crafting station","Built from metal plates + a power cell; unlocks/levels recipes.","Costs metal + power to build.","—","Field-Ops Line (Tier 5)","ops-tier-5","test-bench","https://9afbd236-7d37-4308-a43c-ac6aaeefcf0c-00-1ds7vdxuwq1ua.kirk.replit.dev/assets/ui/icons/ops-tier-5/test-bench.png"
"Bio Kit","consumable","","Consumable — restores health.","Field-Ops","T5","craftable consumable","Crafted at a Med Station from medical components.","Single-use — consumed on use.","—","Field-Ops Line (Tier 5)","ops-tier-5","bio-kit","https://9afbd236-7d37-4308-a43c-ac6aaeefcf0c-00-1ds7vdxuwq1ua.kirk.replit.dev/assets/ui/icons/ops-tier-5/bio-kit.png"
"Injector Station","consumable","","Consumable — restores health.","Field-Ops","T5","craftable consumable","Crafted at a Med Station from medical components.","Single-use — consumed on use.","—","Field-Ops Line (Tier 5)","ops-tier-5","injector-station","https://9afbd236-7d37-4308-a43c-ac6aaeefcf0c-00-1ds7vdxuwq1ua.kirk.replit.dev/assets/ui/icons/ops-tier-5/injector-station.png"
"Flash Grenade","throwable","","Throwable — blinds / stuns enemies.","Field-Ops","T5","craftable ordnance","Ordnance — crafted at an Explosives Bench from a casing + charge.","Single-use — consumed on use.","—","Field-Ops Line (Tier 5)","ops-tier-5","flash-grenade","https://9afbd236-7d37-4308-a43c-ac6aaeefcf0c-00-1ds7vdxuwq1ua.kirk.replit.dev/assets/ui/icons/ops-tier-5/flash-grenade.png"
"Buried Mine","trap","","Placed trap — detonates on trigger.","Field-Ops","T5","craftable ordnance","Ordnance — crafted at an Explosives Bench from a casing + charge.","—","—","Field-Ops Line (Tier 5)","ops-tier-5","buried-mine","https://9afbd236-7d37-4308-a43c-ac6aaeefcf0c-00-1ds7vdxuwq1ua.kirk.replit.dev/assets/ui/icons/ops-tier-5/buried-mine.png"
"Signal Flare","utility","","Signal flare — marks a location.","Field-Ops","T5","research recipe (T5)","Crafted at a Fabricator from components (T5 recipe).","—","—","Field-Ops Line (Tier 5)","ops-tier-5","signal-flare","https://9afbd236-7d37-4308-a43c-ac6aaeefcf0c-00-1ds7vdxuwq1ua.kirk.replit.dev/assets/ui/icons/ops-tier-5/signal-flare.png"
"Hover Boots","utility","feet","Movement buff — flight / hover.","Field-Ops","T5","research recipe (T5)","Crafted at a Fabricator from components (T5 recipe).","—","—","Field-Ops Line (Tier 5)","ops-tier-5","hover-boots","https://9afbd236-7d37-4308-a43c-ac6aaeefcf0c-00-1ds7vdxuwq1ua.kirk.replit.dev/assets/ui/icons/ops-tier-5/hover-boots.png"
"Steel Hook","utility","","Traversal — grapple / winch to reach heights.","Field-Ops","T5","research recipe (T5)","Crafted at a Fabricator from components (T5 recipe).","—","—","Field-Ops Line (Tier 5)","ops-tier-5","steel-hook","https://9afbd236-7d37-4308-a43c-ac6aaeefcf0c-00-1ds7vdxuwq1ua.kirk.replit.dev/assets/ui/icons/ops-tier-5/steel-hook.png"
"Optic Enhancer","utility","head","Vision buff — enhanced detection / targeting.","Field-Ops","T5","research recipe (T5)","Crafted at a Fabricator from components (T5 recipe).","—","—","Field-Ops Line (Tier 5)","ops-tier-5","optic-enhancer","https://9afbd236-7d37-4308-a43c-ac6aaeefcf0c-00-1ds7vdxuwq1ua.kirk.replit.dev/assets/ui/icons/ops-tier-5/optic-enhancer.png"
"Sound Shield","utility","","Dampening — cuts recoil / sound for stealth.","Field-Ops","T5","research recipe (T5)","Crafted at a Fabricator from components (T5 recipe).","—","—","Field-Ops Line (Tier 5)","ops-tier-5","sound-shield","https://9afbd236-7d37-4308-a43c-ac6aaeefcf0c-00-1ds7vdxuwq1ua.kirk.replit.dev/assets/ui/icons/ops-tier-5/sound-shield.png"
"Volt Gauntlets","wearable","hand","Hand wearable — handling / melee buff.","Field-Ops","T5","craftable recipe","Crafted at a Crafting Bench from refined alloy + components (T5 recipe).","—","—","Field-Ops Line (Tier 5)","ops-tier-5","volt-gauntlets","https://9afbd236-7d37-4308-a43c-ac6aaeefcf0c-00-1ds7vdxuwq1ua.kirk.replit.dev/assets/ui/icons/ops-tier-5/volt-gauntlets.png"
"Graphene Plate","block","","Building block / crafting material.","Field-Ops","T5","building material","Crafted/placed building material; stacks in inventory.","Building resource — stack 64.","—","Field-Ops Line (Tier 5)","ops-tier-5","graphene-plate","https://9afbd236-7d37-4308-a43c-ac6aaeefcf0c-00-1ds7vdxuwq1ua.kirk.replit.dev/assets/ui/icons/ops-tier-5/graphene-plate.png"
"Cross Beam","structure","","Structure — load-bearing build piece.","Field-Ops","T5","buildable structure","Built from plates / beams via the build menu.","Costs metal + power to build.","—","Field-Ops Line (Tier 5)","ops-tier-5","cross-beam","https://9afbd236-7d37-4308-a43c-ac6aaeefcf0c-00-1ds7vdxuwq1ua.kirk.replit.dev/assets/ui/icons/ops-tier-5/cross-beam.png"
"Air Filter","utility","","Air system — ventilation / filtration.","Field-Ops","T5","research recipe (T5)","Crafted at a Fabricator from components (T5 recipe).","—","—","Field-Ops Line (Tier 5)","ops-tier-5","air-filter","https://9afbd236-7d37-4308-a43c-ac6aaeefcf0c-00-1ds7vdxuwq1ua.kirk.replit.dev/assets/ui/icons/ops-tier-5/air-filter.png"
"Ops Terminal","station","","Crafting station — unlocks & levels recipes.","Field-Ops","T5","crafting station","Built from metal plates + a power cell; unlocks/levels recipes.","Costs metal + power to build.","—","Field-Ops Line (Tier 5)","ops-tier-5","ops-terminal","https://9afbd236-7d37-4308-a43c-ac6aaeefcf0c-00-1ds7vdxuwq1ua.kirk.replit.dev/assets/ui/icons/ops-tier-5/ops-terminal.png"
"Grand Trophy","reward","","Reward — quest / achievement payout.","Field-Ops","T5","reward (not craftable)","Awarded for quests / achievements — not crafted.","—","—","Field-Ops Line (Tier 5)","ops-tier-5","grand-trophy","https://9afbd236-7d37-4308-a43c-ac6aaeefcf0c-00-1ds7vdxuwq1ua.kirk.replit.dev/assets/ui/icons/ops-tier-5/grand-trophy.png"
"Mega Drill","tool","tool","Mining tool — faster ore harvest.","Field-Ops","T6","craftable recipe (T6)","Crafted at a Crafting Bench from refined alloy + components (T6 recipe).","—","Mining tool — boosts dig speed & ore yield.","Field-Ops Line (Tier 6)","ops-tier-6","mega-drill","https://9afbd236-7d37-4308-a43c-ac6aaeefcf0c-00-1ds7vdxuwq1ua.kirk.replit.dev/assets/ui/icons/ops-tier-6/mega-drill.png"
"Altimeter","utility","","Survey readout — navigation / scan data.","Field-Ops","T6","research recipe (T6)","Crafted at a Fabricator from components (T6 recipe).","—","—","Field-Ops Line (Tier 6)","ops-tier-6","altimeter","https://9afbd236-7d37-4308-a43c-ac6aaeefcf0c-00-1ds7vdxuwq1ua.kirk.replit.dev/assets/ui/icons/ops-tier-6/altimeter.png"
"Supply Vest","wearable","chest","Wearable — capacity / protection buff.","Field-Ops","T6","craftable recipe","Crafted at a Crafting Bench from refined alloy + components (T6 recipe).","—","—","Field-Ops Line (Tier 6)","ops-tier-6","supply-vest","https://9afbd236-7d37-4308-a43c-ac6aaeefcf0c-00-1ds7vdxuwq1ua.kirk.replit.dev/assets/ui/icons/ops-tier-6/supply-vest.png"
"Sledgehammer","weapon","weapon","Melee weapon — close-quarters strikes.","Field-Ops","T6","craftable recipe (T6)","Crafted at a Crafting Bench from refined alloy + components (T6 recipe).","—","Mining tool — boosts dig speed & ore yield.","Field-Ops Line (Tier 6)","ops-tier-6","sledgehammer","https://9afbd236-7d37-4308-a43c-ac6aaeefcf0c-00-1ds7vdxuwq1ua.kirk.replit.dev/assets/ui/icons/ops-tier-6/sledgehammer.png"
"Nav Beacon","beacon","","Beacon — marker / respawn point.","Field-Ops","T6","research recipe (T6)","Crafted at a Fabricator from components (T6 recipe).","—","—","Field-Ops Line (Tier 6)","ops-tier-6","nav-beacon","https://9afbd236-7d37-4308-a43c-ac6aaeefcf0c-00-1ds7vdxuwq1ua.kirk.replit.dev/assets/ui/icons/ops-tier-6/nav-beacon.png"
"Foundry Press","station","","Crafting station — unlocks & levels recipes.","Field-Ops","T6","crafting station","Built from metal plates + a power cell; unlocks/levels recipes.","Costs metal + power to build.","—","Field-Ops Line (Tier 6)","ops-tier-6","foundry-press","https://9afbd236-7d37-4308-a43c-ac6aaeefcf0c-00-1ds7vdxuwq1ua.kirk.replit.dev/assets/ui/icons/ops-tier-6/foundry-press.png"
"Mod Station","station","","Crafting station — unlocks & levels recipes.","Field-Ops","T6","crafting station","Built from metal plates + a power cell; unlocks/levels recipes.","Costs metal + power to build.","—","Field-Ops Line (Tier 6)","ops-tier-6","mod-station","https://9afbd236-7d37-4308-a43c-ac6aaeefcf0c-00-1ds7vdxuwq1ua.kirk.replit.dev/assets/ui/icons/ops-tier-6/mod-station.png"
"Crystal Cutter","station","","Crafting station — unlocks & levels recipes.","Field-Ops","T6","crafting station","Built from metal plates + a power cell; unlocks/levels recipes.","Costs metal + power to build.","—","Field-Ops Line (Tier 6)","ops-tier-6","crystal-cutter","https://9afbd236-7d37-4308-a43c-ac6aaeefcf0c-00-1ds7vdxuwq1ua.kirk.replit.dev/assets/ui/icons/ops-tier-6/crystal-cutter.png"
"Track Splitter","station","","Crafting station — unlocks & levels recipes.","Field-Ops","T6","crafting station","Built from metal plates + a power cell; unlocks/levels recipes.","Costs metal + power to build.","—","Field-Ops Line (Tier 6)","ops-tier-6","track-splitter","https://9afbd236-7d37-4308-a43c-ac6aaeefcf0c-00-1ds7vdxuwq1ua.kirk.replit.dev/assets/ui/icons/ops-tier-6/track-splitter.png"
"Analysis Rig","station","","Crafting station — unlocks & levels recipes.","Field-Ops","T6","crafting station","Built from metal plates + a power cell; unlocks/levels recipes.","Costs metal + power to build.","—","Field-Ops Line (Tier 6)","ops-tier-6","analysis-rig","https://9afbd236-7d37-4308-a43c-ac6aaeefcf0c-00-1ds7vdxuwq1ua.kirk.replit.dev/assets/ui/icons/ops-tier-6/analysis-rig.png"
"Field Kit","consumable","","Consumable — restores health.","Field-Ops","T6","craftable consumable","Crafted at a Med Station from medical components.","Single-use — consumed on use.","—","Field-Ops Line (Tier 6)","ops-tier-6","field-kit","https://9afbd236-7d37-4308-a43c-ac6aaeefcf0c-00-1ds7vdxuwq1ua.kirk.replit.dev/assets/ui/icons/ops-tier-6/field-kit.png"
"Booster Station","station","","Crafting station — unlocks & levels recipes.","Field-Ops","T6","crafting station","Built from metal plates + a power cell; unlocks/levels recipes.","Costs metal + power to build.","—","Field-Ops Line (Tier 6)","ops-tier-6","booster-station","https://9afbd236-7d37-4308-a43c-ac6aaeefcf0c-00-1ds7vdxuwq1ua.kirk.replit.dev/assets/ui/icons/ops-tier-6/booster-station.png"
"Pulse Grenade","throwable","","Throwable — AoE blast.","Field-Ops","T6","craftable ordnance","Ordnance — crafted at an Explosives Bench from a casing + charge.","Single-use — consumed on use.","—","Field-Ops Line (Tier 6)","ops-tier-6","pulse-grenade","https://9afbd236-7d37-4308-a43c-ac6aaeefcf0c-00-1ds7vdxuwq1ua.kirk.replit.dev/assets/ui/icons/ops-tier-6/pulse-grenade.png"
"Subterranean Mine","trap","","Placed trap — detonates on trigger.","Field-Ops","T6","craftable ordnance","Ordnance — crafted at an Explosives Bench from a casing + charge.","—","—","Field-Ops Line (Tier 6)","ops-tier-6","subterranean-mine","https://9afbd236-7d37-4308-a43c-ac6aaeefcf0c-00-1ds7vdxuwq1ua.kirk.replit.dev/assets/ui/icons/ops-tier-6/subterranean-mine.png"
"Beacon Flare","utility","","Signal flare — marks a location.","Field-Ops","T6","research recipe (T6)","Crafted at a Fabricator from components (T6 recipe).","—","—","Field-Ops Line (Tier 6)","ops-tier-6","beacon-flare","https://9afbd236-7d37-4308-a43c-ac6aaeefcf0c-00-1ds7vdxuwq1ua.kirk.replit.dev/assets/ui/icons/ops-tier-6/beacon-flare.png"
"Glide Boots","utility","feet","Movement buff — flight / hover.","Field-Ops","T6","research recipe (T6)","Crafted at a Fabricator from components (T6 recipe).","—","—","Field-Ops Line (Tier 6)","ops-tier-6","glide-boots","https://9afbd236-7d37-4308-a43c-ac6aaeefcf0c-00-1ds7vdxuwq1ua.kirk.replit.dev/assets/ui/icons/ops-tier-6/glide-boots.png"
"Anchor Hook","utility","","Traversal — grapple / winch to reach heights.","Field-Ops","T6","research recipe (T6)","Crafted at a Fabricator from components (T6 recipe).","—","—","Field-Ops Line (Tier 6)","ops-tier-6","anchor-hook","https://9afbd236-7d37-4308-a43c-ac6aaeefcf0c-00-1ds7vdxuwq1ua.kirk.replit.dev/assets/ui/icons/ops-tier-6/anchor-hook.png"
"Lens Enhancer","utility","head","Vision buff — enhanced detection / targeting.","Field-Ops","T6","research recipe (T6)","Crafted at a Fabricator from components (T6 recipe).","—","—","Field-Ops Line (Tier 6)","ops-tier-6","lens-enhancer","https://9afbd236-7d37-4308-a43c-ac6aaeefcf0c-00-1ds7vdxuwq1ua.kirk.replit.dev/assets/ui/icons/ops-tier-6/lens-enhancer.png"
"Noise Blocker","utility","","Dampening — cuts recoil / sound for stealth.","Field-Ops","T6","research recipe (T6)","Crafted at a Fabricator from components (T6 recipe).","—","—","Field-Ops Line (Tier 6)","ops-tier-6","noise-blocker","https://9afbd236-7d37-4308-a43c-ac6aaeefcf0c-00-1ds7vdxuwq1ua.kirk.replit.dev/assets/ui/icons/ops-tier-6/noise-blocker.png"
"Tesla Gauntlets","wearable","hand","Hand wearable — handling / melee buff.","Field-Ops","T6","craftable recipe","Crafted at a Crafting Bench from refined alloy + components (T6 recipe).","—","—","Field-Ops Line (Tier 6)","ops-tier-6","tesla-gauntlets","https://9afbd236-7d37-4308-a43c-ac6aaeefcf0c-00-1ds7vdxuwq1ua.kirk.replit.dev/assets/ui/icons/ops-tier-6/tesla-gauntlets.png"
"Nano Plate","block","","Building block / crafting material.","Field-Ops","T6","building material","Crafted/placed building material; stacks in inventory.","Building resource — stack 64.","—","Field-Ops Line (Tier 6)","ops-tier-6","nano-plate","https://9afbd236-7d37-4308-a43c-ac6aaeefcf0c-00-1ds7vdxuwq1ua.kirk.replit.dev/assets/ui/icons/ops-tier-6/nano-plate.png"
"Girder","structure","","Structure — load-bearing build piece.","Field-Ops","T6","buildable structure","Built from plates / beams via the build menu.","Costs metal + power to build.","—","Field-Ops Line (Tier 6)","ops-tier-6","girder","https://9afbd236-7d37-4308-a43c-ac6aaeefcf0c-00-1ds7vdxuwq1ua.kirk.replit.dev/assets/ui/icons/ops-tier-6/girder.png"
"Air Vent","utility","","Air system — ventilation / filtration.","Field-Ops","T6","research recipe (T6)","Crafted at a Fabricator from components (T6 recipe).","—","—","Field-Ops Line (Tier 6)","ops-tier-6","air-vent","https://9afbd236-7d37-4308-a43c-ac6aaeefcf0c-00-1ds7vdxuwq1ua.kirk.replit.dev/assets/ui/icons/ops-tier-6/air-vent.png"
"Command Deck","station","","Crafting station — unlocks & levels recipes.","Field-Ops","T6","crafting station","Built from metal plates + a power cell; unlocks/levels recipes.","Costs metal + power to build.","—","Field-Ops Line (Tier 6)","ops-tier-6","command-deck","https://9afbd236-7d37-4308-a43c-ac6aaeefcf0c-00-1ds7vdxuwq1ua.kirk.replit.dev/assets/ui/icons/ops-tier-6/command-deck.png"
"Elite Trophy","reward","","Reward — quest / achievement payout.","Field-Ops","T6","reward (not craftable)","Awarded for quests / achievements — not crafted.","—","—","Field-Ops Line (Tier 6)","ops-tier-6","elite-trophy","https://9afbd236-7d37-4308-a43c-ac6aaeefcf0c-00-1ds7vdxuwq1ua.kirk.replit.dev/assets/ui/icons/ops-tier-6/elite-trophy.png"
"Leather Gloves","set-piece","hand","Hand set-piece — boosts attack speed & tool handling.","Leather","common","set piece (common) — upgrades gear","Crafted at a Crafting Bench from refined alloy + components (common recipe).","—","—","Fantasy Set — Common","fantasy-common","leather-gloves","https://9afbd236-7d37-4308-a43c-ac6aaeefcf0c-00-1ds7vdxuwq1ua.kirk.replit.dev/assets/ui/icons/fantasy-common/leather-gloves.png"
"Chain Gloves","set-piece","hand","Hand set-piece — boosts attack speed & tool handling.","Chain","common","set piece (common) — upgrades gear","Crafted at a Crafting Bench from refined alloy + components (common recipe).","—","—","Fantasy Set — Common","fantasy-common","chain-gloves","https://9afbd236-7d37-4308-a43c-ac6aaeefcf0c-00-1ds7vdxuwq1ua.kirk.replit.dev/assets/ui/icons/fantasy-common/chain-gloves.png"
"Reinforced Gloves","set-piece","hand","Hand set-piece — boosts attack speed & tool handling.","Reinforced","common","set piece (common) — upgrades gear","Crafted at a Crafting Bench from refined alloy + components (common recipe).","—","—","Fantasy Set — Common","fantasy-common","reinforced-gloves","https://9afbd236-7d37-4308-a43c-ac6aaeefcf0c-00-1ds7vdxuwq1ua.kirk.replit.dev/assets/ui/icons/fantasy-common/reinforced-gloves.png"
"Miner's Gloves","set-piece","hand","Hand set-piece — boosts attack speed & tool handling.","Miner","common","set piece (common) — upgrades gear","Crafted at a Crafting Bench from refined alloy + components (common recipe).","—","—","Fantasy Set — Common","fantasy-common","miners-gloves","https://9afbd236-7d37-4308-a43c-ac6aaeefcf0c-00-1ds7vdxuwq1ua.kirk.replit.dev/assets/ui/icons/fantasy-common/miners-gloves.png"
"Iron Gauntlets","set-piece","hand","Hand set-piece — boosts attack speed & tool handling.","Iron","common","set piece (common) — upgrades gear","Crafted at a Crafting Bench from refined alloy + components (common recipe).","—","—","Fantasy Set — Common","fantasy-common","iron-gauntlets","https://9afbd236-7d37-4308-a43c-ac6aaeefcf0c-00-1ds7vdxuwq1ua.kirk.replit.dev/assets/ui/icons/fantasy-common/iron-gauntlets.png"
"Leather Armor","set-piece","chest","Chest set-piece — raises armor & max health.","Leather","common","set piece (common) — upgrades gear","Crafted at a Crafting Bench from refined alloy + components (common recipe).","—","—","Fantasy Set — Common","fantasy-common","leather-armor","https://9afbd236-7d37-4308-a43c-ac6aaeefcf0c-00-1ds7vdxuwq1ua.kirk.replit.dev/assets/ui/icons/fantasy-common/leather-armor.png"
"Chain Armor","set-piece","chest","Chest set-piece — raises armor & max health.","Chain","common","set piece (common) — upgrades gear","Crafted at a Crafting Bench from refined alloy + components (common recipe).","—","—","Fantasy Set — Common","fantasy-common","chain-armor","https://9afbd236-7d37-4308-a43c-ac6aaeefcf0c-00-1ds7vdxuwq1ua.kirk.replit.dev/assets/ui/icons/fantasy-common/chain-armor.png"
"Reinforced Armor","set-piece","chest","Chest set-piece — raises armor & max health.","Reinforced","common","set piece (common) — upgrades gear","Crafted at a Crafting Bench from refined alloy + components (common recipe).","—","—","Fantasy Set — Common","fantasy-common","reinforced-armor","https://9afbd236-7d37-4308-a43c-ac6aaeefcf0c-00-1ds7vdxuwq1ua.kirk.replit.dev/assets/ui/icons/fantasy-common/reinforced-armor.png"
"Miner's Coat","set-piece","chest","Chest set-piece — raises armor & max health.","Miner","common","set piece (common) — upgrades gear","Crafted at a Crafting Bench from refined alloy + components (common recipe).","—","—","Fantasy Set — Common","fantasy-common","miners-coat","https://9afbd236-7d37-4308-a43c-ac6aaeefcf0c-00-1ds7vdxuwq1ua.kirk.replit.dev/assets/ui/icons/fantasy-common/miners-coat.png"
"Iron Plate","set-piece","chest","Chest set-piece — raises armor & max health.","Iron","common","set piece (common) — upgrades gear","Crafted at a Crafting Bench from refined alloy + components (common recipe).","—","—","Fantasy Set — Common","fantasy-common","iron-plate","https://9afbd236-7d37-4308-a43c-ac6aaeefcf0c-00-1ds7vdxuwq1ua.kirk.replit.dev/assets/ui/icons/fantasy-common/iron-plate.png"
"Leather Cap","set-piece","head","Head set-piece — improves detection & resists headshots.","Leather","common","set piece (common) — upgrades gear","Crafted at a Crafting Bench from refined alloy + components (common recipe).","—","—","Fantasy Set — Common","fantasy-common","leather-cap","https://9afbd236-7d37-4308-a43c-ac6aaeefcf0c-00-1ds7vdxuwq1ua.kirk.replit.dev/assets/ui/icons/fantasy-common/leather-cap.png"
"Chain Coif","set-piece","head","Head set-piece — improves detection & resists headshots.","Chain","common","set piece (common) — upgrades gear","Crafted at a Crafting Bench from refined alloy + components (common recipe).","—","—","Fantasy Set — Common","fantasy-common","chain-coif","https://9afbd236-7d37-4308-a43c-ac6aaeefcf0c-00-1ds7vdxuwq1ua.kirk.replit.dev/assets/ui/icons/fantasy-common/chain-coif.png"
"Reinforced Helm","set-piece","head","Head set-piece — improves detection & resists headshots.","Reinforced","common","set piece (common) — upgrades gear","Crafted at a Crafting Bench from refined alloy + components (common recipe).","—","—","Fantasy Set — Common","fantasy-common","reinforced-helm","https://9afbd236-7d37-4308-a43c-ac6aaeefcf0c-00-1ds7vdxuwq1ua.kirk.replit.dev/assets/ui/icons/fantasy-common/reinforced-helm.png"
"Miner's Helm","set-piece","head","Head set-piece — improves detection & resists headshots.","Miner","common","set piece (common) — upgrades gear","Crafted at a Crafting Bench from refined alloy + components (common recipe).","—","—","Fantasy Set — Common","fantasy-common","miners-helm","https://9afbd236-7d37-4308-a43c-ac6aaeefcf0c-00-1ds7vdxuwq1ua.kirk.replit.dev/assets/ui/icons/fantasy-common/miners-helm.png"
"Iron Helm","set-piece","head","Head set-piece — improves detection & resists headshots.","Iron","common","set piece (common) — upgrades gear","Crafted at a Crafting Bench from refined alloy + components (common recipe).","—","—","Fantasy Set — Common","fantasy-common","iron-helm","https://9afbd236-7d37-4308-a43c-ac6aaeefcf0c-00-1ds7vdxuwq1ua.kirk.replit.dev/assets/ui/icons/fantasy-common/iron-helm.png"
"Leather Boots","set-piece","feet","Feet set-piece — increases movement speed.","Leather","common","set piece (common) — upgrades gear","Crafted at a Crafting Bench from refined alloy + components (common recipe).","—","—","Fantasy Set — Common","fantasy-common","leather-boots","https://9afbd236-7d37-4308-a43c-ac6aaeefcf0c-00-1ds7vdxuwq1ua.kirk.replit.dev/assets/ui/icons/fantasy-common/leather-boots.png"
"Chain Boots","set-piece","feet","Feet set-piece — increases movement speed.","Chain","common","set piece (common) — upgrades gear","Crafted at a Crafting Bench from refined alloy + components (common recipe).","—","—","Fantasy Set — Common","fantasy-common","chain-boots","https://9afbd236-7d37-4308-a43c-ac6aaeefcf0c-00-1ds7vdxuwq1ua.kirk.replit.dev/assets/ui/icons/fantasy-common/chain-boots.png"
"Reinforced Boots","set-piece","feet","Feet set-piece — increases movement speed.","Reinforced","common","set piece (common) — upgrades gear","Crafted at a Crafting Bench from refined alloy + components (common recipe).","—","—","Fantasy Set — Common","fantasy-common","reinforced-boots","https://9afbd236-7d37-4308-a43c-ac6aaeefcf0c-00-1ds7vdxuwq1ua.kirk.replit.dev/assets/ui/icons/fantasy-common/reinforced-boots.png"
"Miner's Boots","set-piece","feet","Feet set-piece — increases movement speed.","Miner","common","set piece (common) — upgrades gear","Crafted at a Crafting Bench from refined alloy + components (common recipe).","—","—","Fantasy Set — Common","fantasy-common","miners-boots","https://9afbd236-7d37-4308-a43c-ac6aaeefcf0c-00-1ds7vdxuwq1ua.kirk.replit.dev/assets/ui/icons/fantasy-common/miners-boots.png"
"Iron Boots","set-piece","feet","Feet set-piece — increases movement speed.","Iron","common","set piece (common) — upgrades gear","Crafted at a Crafting Bench from refined alloy + components (common recipe).","—","—","Fantasy Set — Common","fantasy-common","iron-boots","https://9afbd236-7d37-4308-a43c-ac6aaeefcf0c-00-1ds7vdxuwq1ua.kirk.replit.dev/assets/ui/icons/fantasy-common/iron-boots.png"
"Pickaxe","tool","tool","Mining tool — faster ore harvest.","Leather","common","craftable recipe (common)","Crafted at a Crafting Bench from refined alloy + components (common recipe).","—","Mining tool — boosts dig speed & ore yield.","Fantasy Set — Common","fantasy-common","pickaxe","https://9afbd236-7d37-4308-a43c-ac6aaeefcf0c-00-1ds7vdxuwq1ua.kirk.replit.dev/assets/ui/icons/fantasy-common/pickaxe.png"
"Drill","tool","tool","Mining tool — faster ore harvest.","Chain","common","craftable recipe (common)","Crafted at a Crafting Bench from refined alloy + components (common recipe).","—","Mining tool — boosts dig speed & ore yield.","Fantasy Set — Common","fantasy-common","drill","https://9afbd236-7d37-4308-a43c-ac6aaeefcf0c-00-1ds7vdxuwq1ua.kirk.replit.dev/assets/ui/icons/fantasy-common/drill.png"
"Hammer","tool","tool","Hammer — smithing + heavy melee.","Reinforced","common","craftable recipe (common)","Crafted at a Crafting Bench from refined alloy + components (common recipe).","—","Mining tool — boosts dig speed & ore yield.","Fantasy Set — Common","fantasy-common","hammer","https://9afbd236-7d37-4308-a43c-ac6aaeefcf0c-00-1ds7vdxuwq1ua.kirk.replit.dev/assets/ui/icons/fantasy-common/hammer.png"
"Sword","weapon","weapon","Melee weapon — close-quarters strikes.","Miner","common","craftable recipe (common)","Crafted at a Crafting Bench from refined alloy + components (common recipe).","—","—","Fantasy Set — Common","fantasy-common","sword","https://9afbd236-7d37-4308-a43c-ac6aaeefcf0c-00-1ds7vdxuwq1ua.kirk.replit.dev/assets/ui/icons/fantasy-common/sword.png"
"Crossbow","weapon","weapon","Ranged weapon — silent bolts.","Iron","common","craftable recipe (common)","Crafted at a Crafting Bench from refined alloy + components (common recipe).","—","—","Fantasy Set — Common","fantasy-common","crossbow","https://9afbd236-7d37-4308-a43c-ac6aaeefcf0c-00-1ds7vdxuwq1ua.kirk.replit.dev/assets/ui/icons/fantasy-common/crossbow.png"
"Miner's Grips","set-piece","hand","Hand set-piece — boosts attack speed & tool handling.","Miner","rare","set piece (rare) — upgrades gear","Crafted at a Crafting Bench from refined alloy + components (rare recipe).","—","—","Fantasy Set — Rare","fantasy-rare","miners-grips","https://9afbd236-7d37-4308-a43c-ac6aaeefcf0c-00-1ds7vdxuwq1ua.kirk.replit.dev/assets/ui/icons/fantasy-rare/miners-grips.png"
"Ember Gauntlets","set-piece","hand","Hand set-piece — boosts attack speed & tool handling.","Ember","rare","set piece (rare) — upgrades gear","Crafted at a Crafting Bench from refined alloy + components (rare recipe).","—","—","Fantasy Set — Rare","fantasy-rare","ember-gauntlets","https://9afbd236-7d37-4308-a43c-ac6aaeefcf0c-00-1ds7vdxuwq1ua.kirk.replit.dev/assets/ui/icons/fantasy-rare/ember-gauntlets.png"
"Crystal Fists","set-piece","hand","Hand set-piece — boosts attack speed & tool handling.","Crystal","rare","set piece (rare) — upgrades gear","Crafted at a Crafting Bench from refined alloy + components (rare recipe).","—","—","Fantasy Set — Rare","fantasy-rare","crystal-fists","https://9afbd236-7d37-4308-a43c-ac6aaeefcf0c-00-1ds7vdxuwq1ua.kirk.replit.dev/assets/ui/icons/fantasy-rare/crystal-fists.png"
"Dwarven Handguards","set-piece","hand","Hand set-piece — boosts attack speed & tool handling.","Dwarven","rare","set piece (rare) — upgrades gear","Crafted at a Crafting Bench from refined alloy + components (rare recipe).","—","—","Fantasy Set — Rare","fantasy-rare","dwarven-handguards","https://9afbd236-7d37-4308-a43c-ac6aaeefcf0c-00-1ds7vdxuwq1ua.kirk.replit.dev/assets/ui/icons/fantasy-rare/dwarven-handguards.png"
"Shadow Mitts","set-piece","hand","Hand set-piece — boosts attack speed & tool handling.","Shadow","rare","set piece (rare) — upgrades gear","Crafted at a Crafting Bench from refined alloy + components (rare recipe).","—","—","Fantasy Set — Rare","fantasy-rare","shadow-mitts","https://9afbd236-7d37-4308-a43c-ac6aaeefcf0c-00-1ds7vdxuwq1ua.kirk.replit.dev/assets/ui/icons/fantasy-rare/shadow-mitts.png"
"Stoneplate Armor","set-piece","chest","Chest set-piece — raises armor & max health.","Miner","rare","set piece (rare) — upgrades gear","Crafted at a Crafting Bench from refined alloy + components (rare recipe).","—","—","Fantasy Set — Rare","fantasy-rare","stoneplate-armor","https://9afbd236-7d37-4308-a43c-ac6aaeefcf0c-00-1ds7vdxuwq1ua.kirk.replit.dev/assets/ui/icons/fantasy-rare/stoneplate-armor.png"
"Embermail","set-piece","chest","Chest set-piece — raises armor & max health.","Ember","rare","set piece (rare) — upgrades gear","Crafted at a Crafting Bench from refined alloy + components (rare recipe).","—","—","Fantasy Set — Rare","fantasy-rare","embermail","https://9afbd236-7d37-4308-a43c-ac6aaeefcf0c-00-1ds7vdxuwq1ua.kirk.replit.dev/assets/ui/icons/fantasy-rare/embermail.png"
"Crystal Carapace","set-piece","chest","Chest set-piece — raises armor & max health.","Crystal","rare","set piece (rare) — upgrades gear","Crafted at a Crafting Bench from refined alloy + components (rare recipe).","—","—","Fantasy Set — Rare","fantasy-rare","crystal-carapace","https://9afbd236-7d37-4308-a43c-ac6aaeefcf0c-00-1ds7vdxuwq1ua.kirk.replit.dev/assets/ui/icons/fantasy-rare/crystal-carapace.png"
"Dwarven Plate","set-piece","chest","Chest set-piece — raises armor & max health.","Dwarven","rare","set piece (rare) — upgrades gear","Crafted at a Crafting Bench from refined alloy + components (rare recipe).","—","—","Fantasy Set — Rare","fantasy-rare","dwarven-plate","https://9afbd236-7d37-4308-a43c-ac6aaeefcf0c-00-1ds7vdxuwq1ua.kirk.replit.dev/assets/ui/icons/fantasy-rare/dwarven-plate.png"
"Shadow Tunic","set-piece","chest","Chest set-piece — raises armor & max health.","Shadow","rare","set piece (rare) — upgrades gear","Crafted at a Crafting Bench from refined alloy + components (rare recipe).","—","—","Fantasy Set — Rare","fantasy-rare","shadow-tunic","https://9afbd236-7d37-4308-a43c-ac6aaeefcf0c-00-1ds7vdxuwq1ua.kirk.replit.dev/assets/ui/icons/fantasy-rare/shadow-tunic.png"
"Miner's Helmet","set-piece","head","Head set-piece — improves detection & resists headshots.","Miner","rare","set piece (rare) — upgrades gear","Crafted at a Crafting Bench from refined alloy + components (rare recipe).","—","Mining safety / utility gear.","Fantasy Set — Rare","fantasy-rare","miners-helmet","https://9afbd236-7d37-4308-a43c-ac6aaeefcf0c-00-1ds7vdxuwq1ua.kirk.replit.dev/assets/ui/icons/fantasy-rare/miners-helmet.png"
"Ember Helm","set-piece","head","Head set-piece — improves detection & resists headshots.","Ember","rare","set piece (rare) — upgrades gear","Crafted at a Crafting Bench from refined alloy + components (rare recipe).","—","—","Fantasy Set — Rare","fantasy-rare","ember-helm","https://9afbd236-7d37-4308-a43c-ac6aaeefcf0c-00-1ds7vdxuwq1ua.kirk.replit.dev/assets/ui/icons/fantasy-rare/ember-helm.png"
"Crystal Helm","set-piece","head","Head set-piece — improves detection & resists headshots.","Crystal","rare","set piece (rare) — upgrades gear","Crafted at a Crafting Bench from refined alloy + components (rare recipe).","—","—","Fantasy Set — Rare","fantasy-rare","crystal-helm","https://9afbd236-7d37-4308-a43c-ac6aaeefcf0c-00-1ds7vdxuwq1ua.kirk.replit.dev/assets/ui/icons/fantasy-rare/crystal-helm.png"
"Dwarven Crown","set-piece","head","Head set-piece — commander aura buffs nearby allies.","Dwarven","rare","set piece (rare) — upgrades gear","Crafted at a Crafting Bench from refined alloy + components (rare recipe).","—","—","Fantasy Set — Rare","fantasy-rare","dwarven-crown","https://9afbd236-7d37-4308-a43c-ac6aaeefcf0c-00-1ds7vdxuwq1ua.kirk.replit.dev/assets/ui/icons/fantasy-rare/dwarven-crown.png"
"Shadow Hood","set-piece","head","Head set-piece — filters toxic air for survival.","Shadow","rare","set piece (rare) — upgrades gear","Crafted at a Crafting Bench from refined alloy + components (rare recipe).","—","—","Fantasy Set — Rare","fantasy-rare","shadow-hood","https://9afbd236-7d37-4308-a43c-ac6aaeefcf0c-00-1ds7vdxuwq1ua.kirk.replit.dev/assets/ui/icons/fantasy-rare/shadow-hood.png"
"Stone Boots","set-piece","feet","Feet set-piece — increases movement speed.","Miner","rare","set piece (rare) — upgrades gear","Crafted at a Crafting Bench from refined alloy + components (rare recipe).","—","—","Fantasy Set — Rare","fantasy-rare","stone-boots","https://9afbd236-7d37-4308-a43c-ac6aaeefcf0c-00-1ds7vdxuwq1ua.kirk.replit.dev/assets/ui/icons/fantasy-rare/stone-boots.png"
"Ember Greaves","set-piece","feet","Feet set-piece — increases movement speed.","Ember","rare","set piece (rare) — upgrades gear","Crafted at a Crafting Bench from refined alloy + components (rare recipe).","—","—","Fantasy Set — Rare","fantasy-rare","ember-greaves","https://9afbd236-7d37-4308-a43c-ac6aaeefcf0c-00-1ds7vdxuwq1ua.kirk.replit.dev/assets/ui/icons/fantasy-rare/ember-greaves.png"
"Crystal Treads","set-piece","feet","Feet set-piece — increases movement speed.","Crystal","rare","set piece (rare) — upgrades gear","Crafted at a Crafting Bench from refined alloy + components (rare recipe).","—","—","Fantasy Set — Rare","fantasy-rare","crystal-treads","https://9afbd236-7d37-4308-a43c-ac6aaeefcf0c-00-1ds7vdxuwq1ua.kirk.replit.dev/assets/ui/icons/fantasy-rare/crystal-treads.png"
"Dwarven Sabatons","set-piece","feet","Feet set-piece — increases movement speed.","Dwarven","rare","set piece (rare) — upgrades gear","Crafted at a Crafting Bench from refined alloy + components (rare recipe).","—","—","Fantasy Set — Rare","fantasy-rare","dwarven-sabatons","https://9afbd236-7d37-4308-a43c-ac6aaeefcf0c-00-1ds7vdxuwq1ua.kirk.replit.dev/assets/ui/icons/fantasy-rare/dwarven-sabatons.png"
"Shadow Stalkers","set-piece","feet","Feet set-piece — increases movement speed.","Shadow","rare","set piece (rare) — upgrades gear","Crafted at a Crafting Bench from refined alloy + components (rare recipe).","—","—","Fantasy Set — Rare","fantasy-rare","shadow-stalkers","https://9afbd236-7d37-4308-a43c-ac6aaeefcf0c-00-1ds7vdxuwq1ua.kirk.replit.dev/assets/ui/icons/fantasy-rare/shadow-stalkers.png"
"Miner's Pickaxe","tool","tool","Mining tool — faster ore harvest.","Miner","rare","craftable recipe (rare)","Crafted at a Crafting Bench from refined alloy + components (rare recipe).","—","Mining tool — boosts dig speed & ore yield.","Fantasy Set — Rare","fantasy-rare","miners-pickaxe","https://9afbd236-7d37-4308-a43c-ac6aaeefcf0c-00-1ds7vdxuwq1ua.kirk.replit.dev/assets/ui/icons/fantasy-rare/miners-pickaxe.png"
"Drill Bit","tool","tool","Mining tool — faster ore harvest.","Ember","rare","craftable recipe (rare)","Crafted at a Crafting Bench from refined alloy + components (rare recipe).","—","Mining tool — boosts dig speed & ore yield.","Fantasy Set — Rare","fantasy-rare","drill-bit","https://9afbd236-7d37-4308-a43c-ac6aaeefcf0c-00-1ds7vdxuwq1ua.kirk.replit.dev/assets/ui/icons/fantasy-rare/drill-bit.png"
"Forge Hammer","tool","tool","Hammer — smithing + heavy melee.","Crystal","rare","craftable recipe (rare)","Crafted at a Crafting Bench from refined alloy + components (rare recipe).","—","Mining tool — boosts dig speed & ore yield.","Fantasy Set — Rare","fantasy-rare","forge-hammer","https://9afbd236-7d37-4308-a43c-ac6aaeefcf0c-00-1ds7vdxuwq1ua.kirk.replit.dev/assets/ui/icons/fantasy-rare/forge-hammer.png"
"Stoneblade Sword","weapon","weapon","Melee weapon — close-quarters strikes.","Dwarven","rare","craftable recipe (rare)","Crafted at a Crafting Bench from refined alloy + components (rare recipe).","—","—","Fantasy Set — Rare","fantasy-rare","stoneblade-sword","https://9afbd236-7d37-4308-a43c-ac6aaeefcf0c-00-1ds7vdxuwq1ua.kirk.replit.dev/assets/ui/icons/fantasy-rare/stoneblade-sword.png"
"Repeater Crossbow","weapon","weapon","Ranged weapon — silent bolts.","Shadow","rare","craftable recipe (rare)","Crafted at a Crafting Bench from refined alloy + components (rare recipe).","—","—","Fantasy Set — Rare","fantasy-rare","repeater-crossbow","https://9afbd236-7d37-4308-a43c-ac6aaeefcf0c-00-1ds7vdxuwq1ua.kirk.replit.dev/assets/ui/icons/fantasy-rare/repeater-crossbow.png"
"Dwarven Gauntlets","set-piece","hand","Hand set-piece — boosts attack speed & tool handling.","Dwarven","epic","set piece (epic) — upgrades gear","Crafted at a Crafting Bench from refined alloy + components (epic recipe).","—","—","Fantasy Set — Epic","fantasy-epic","dwarven-gauntlets","https://9afbd236-7d37-4308-a43c-ac6aaeefcf0c-00-1ds7vdxuwq1ua.kirk.replit.dev/assets/ui/icons/fantasy-epic/dwarven-gauntlets.png"
"Geode Crushers","set-piece","hand","Hand set-piece — boosts attack speed & tool handling.","Runic","epic","set piece (epic) — upgrades gear","Crafted at a Crafting Bench from refined alloy + components (epic recipe).","—","—","Fantasy Set — Epic","fantasy-epic","geode-crushers","https://9afbd236-7d37-4308-a43c-ac6aaeefcf0c-00-1ds7vdxuwq1ua.kirk.replit.dev/assets/ui/icons/fantasy-epic/geode-crushers.png"
"Magma Fists","set-piece","hand","Hand set-piece — boosts attack speed & tool handling.","Magma","epic","set piece (epic) — upgrades gear","Crafted at a Crafting Bench from refined alloy + components (epic recipe).","—","—","Fantasy Set — Epic","fantasy-epic","magma-fists","https://9afbd236-7d37-4308-a43c-ac6aaeefcf0c-00-1ds7vdxuwq1ua.kirk.replit.dev/assets/ui/icons/fantasy-epic/magma-fists.png"
"Crystal Grips","set-piece","hand","Hand set-piece — boosts attack speed & tool handling.","Crystal","epic","set piece (epic) — upgrades gear","Crafted at a Crafting Bench from refined alloy + components (epic recipe).","—","—","Fantasy Set — Epic","fantasy-epic","crystal-grips","https://9afbd236-7d37-4308-a43c-ac6aaeefcf0c-00-1ds7vdxuwq1ua.kirk.replit.dev/assets/ui/icons/fantasy-epic/crystal-grips.png"
"Aurum Handguards","set-piece","hand","Hand set-piece — boosts attack speed & tool handling.","Aurum","epic","set piece (epic) — upgrades gear","Crafted at a Crafting Bench from refined alloy + components (epic recipe).","—","—","Fantasy Set — Epic","fantasy-epic","aurum-handguards","https://9afbd236-7d37-4308-a43c-ac6aaeefcf0c-00-1ds7vdxuwq1ua.kirk.replit.dev/assets/ui/icons/fantasy-epic/aurum-handguards.png"
"Stoneplate Armor","set-piece","chest","Chest set-piece — raises armor & max health.","Dwarven","epic","set piece (epic) — upgrades gear","Crafted at a Crafting Bench from refined alloy + components (epic recipe).","—","—","Fantasy Set — Epic","fantasy-epic","stoneplate-armor","https://9afbd236-7d37-4308-a43c-ac6aaeefcf0c-00-1ds7vdxuwq1ua.kirk.replit.dev/assets/ui/icons/fantasy-epic/stoneplate-armor.png"
"Gemforged Plate","set-piece","chest","Chest set-piece — raises armor & max health.","Runic","epic","set piece (epic) — upgrades gear","Crafted at a Crafting Bench from refined alloy + components (epic recipe).","—","Mineable deposit — drops raw resources when mined.","Fantasy Set — Epic","fantasy-epic","gemforged-plate","https://9afbd236-7d37-4308-a43c-ac6aaeefcf0c-00-1ds7vdxuwq1ua.kirk.replit.dev/assets/ui/icons/fantasy-epic/gemforged-plate.png"
"Magma Core Mail","set-piece","chest","Chest set-piece — powered plate adds an energy shield.","Magma","epic","set piece (epic) — upgrades gear","Crafted at a Crafting Bench from refined alloy + components (epic recipe).","—","Mineable deposit — drops raw resources when mined.","Fantasy Set — Epic","fantasy-epic","magma-core-mail","https://9afbd236-7d37-4308-a43c-ac6aaeefcf0c-00-1ds7vdxuwq1ua.kirk.replit.dev/assets/ui/icons/fantasy-epic/magma-core-mail.png"
"Crystal Aegis","set-piece","chest","Chest set-piece — raises armor & max health.","Crystal","epic","set piece (epic) — upgrades gear","Crafted at a Crafting Bench from refined alloy + components (epic recipe).","—","—","Fantasy Set — Epic","fantasy-epic","crystal-aegis","https://9afbd236-7d37-4308-a43c-ac6aaeefcf0c-00-1ds7vdxuwq1ua.kirk.replit.dev/assets/ui/icons/fantasy-epic/crystal-aegis.png"
"Aurum Carapace","set-piece","chest","Chest set-piece — raises armor & max health.","Aurum","epic","set piece (epic) — upgrades gear","Crafted at a Crafting Bench from refined alloy + components (epic recipe).","—","—","Fantasy Set — Epic","fantasy-epic","aurum-carapace","https://9afbd236-7d37-4308-a43c-ac6aaeefcf0c-00-1ds7vdxuwq1ua.kirk.replit.dev/assets/ui/icons/fantasy-epic/aurum-carapace.png"
"Dwarven Helm","set-piece","head","Head set-piece — improves detection & resists headshots.","Dwarven","epic","set piece (epic) — upgrades gear","Crafted at a Crafting Bench from refined alloy + components (epic recipe).","—","—","Fantasy Set — Epic","fantasy-epic","dwarven-helm","https://9afbd236-7d37-4308-a43c-ac6aaeefcf0c-00-1ds7vdxuwq1ua.kirk.replit.dev/assets/ui/icons/fantasy-epic/dwarven-helm.png"
"Runic Helm","set-piece","head","Head set-piece — improves detection & resists headshots.","Runic","epic","set piece (epic) — upgrades gear","Crafted at a Crafting Bench from refined alloy + components (epic recipe).","—","—","Fantasy Set — Epic","fantasy-epic","runic-helm","https://9afbd236-7d37-4308-a43c-ac6aaeefcf0c-00-1ds7vdxuwq1ua.kirk.replit.dev/assets/ui/icons/fantasy-epic/runic-helm.png"
"Magma Helm","set-piece","head","Head set-piece — improves detection & resists headshots.","Magma","epic","set piece (epic) — upgrades gear","Crafted at a Crafting Bench from refined alloy + components (epic recipe).","—","—","Fantasy Set — Epic","fantasy-epic","magma-helm","https://9afbd236-7d37-4308-a43c-ac6aaeefcf0c-00-1ds7vdxuwq1ua.kirk.replit.dev/assets/ui/icons/fantasy-epic/magma-helm.png"
"Crystal Crown","set-piece","head","Head set-piece — commander aura buffs nearby allies.","Crystal","epic","set piece (epic) — upgrades gear","Crafted at a Crafting Bench from refined alloy + components (epic recipe).","—","—","Fantasy Set — Epic","fantasy-epic","crystal-crown","https://9afbd236-7d37-4308-a43c-ac6aaeefcf0c-00-1ds7vdxuwq1ua.kirk.replit.dev/assets/ui/icons/fantasy-epic/crystal-crown.png"
"Aurum Helm","set-piece","head","Head set-piece — improves detection & resists headshots.","Aurum","epic","set piece (epic) — upgrades gear","Crafted at a Crafting Bench from refined alloy + components (epic recipe).","—","—","Fantasy Set — Epic","fantasy-epic","aurum-helm","https://9afbd236-7d37-4308-a43c-ac6aaeefcf0c-00-1ds7vdxuwq1ua.kirk.replit.dev/assets/ui/icons/fantasy-epic/aurum-helm.png"
"Stone Stompers","set-piece","feet","Feet set-piece — surface grip — stability on any terrain.","Dwarven","epic","set piece (epic) — upgrades gear","Crafted at a Crafting Bench from refined alloy + components (epic recipe).","—","—","Fantasy Set — Epic","fantasy-epic","stone-stompers","https://9afbd236-7d37-4308-a43c-ac6aaeefcf0c-00-1ds7vdxuwq1ua.kirk.replit.dev/assets/ui/icons/fantasy-epic/stone-stompers.png"
"Runic Striders","set-piece","feet","Feet set-piece — grants leap / hover / dash mobility.","Runic","epic","set piece (epic) — upgrades gear","Crafted at a Crafting Bench from refined alloy + components (epic recipe).","—","—","Fantasy Set — Epic","fantasy-epic","runic-striders","https://9afbd236-7d37-4308-a43c-ac6aaeefcf0c-00-1ds7vdxuwq1ua.kirk.replit.dev/assets/ui/icons/fantasy-epic/runic-striders.png"
"Magma Greaves","set-piece","feet","Feet set-piece — surface grip — stability on any terrain.","Magma","epic","set piece (epic) — upgrades gear","Crafted at a Crafting Bench from refined alloy + components (epic recipe).","—","—","Fantasy Set — Epic","fantasy-epic","magma-greaves","https://9afbd236-7d37-4308-a43c-ac6aaeefcf0c-00-1ds7vdxuwq1ua.kirk.replit.dev/assets/ui/icons/fantasy-epic/magma-greaves.png"
"Crystal Treads","set-piece","feet","Feet set-piece — increases movement speed.","Crystal","epic","set piece (epic) — upgrades gear","Crafted at a Crafting Bench from refined alloy + components (epic recipe).","—","—","Fantasy Set — Epic","fantasy-epic","crystal-treads","https://9afbd236-7d37-4308-a43c-ac6aaeefcf0c-00-1ds7vdxuwq1ua.kirk.replit.dev/assets/ui/icons/fantasy-epic/crystal-treads.png"
"Aurum Sabatons","set-piece","feet","Feet set-piece — increases movement speed.","Aurum","epic","set piece (epic) — upgrades gear","Crafted at a Crafting Bench from refined alloy + components (epic recipe).","—","—","Fantasy Set — Epic","fantasy-epic","aurum-sabatons","https://9afbd236-7d37-4308-a43c-ac6aaeefcf0c-00-1ds7vdxuwq1ua.kirk.replit.dev/assets/ui/icons/fantasy-epic/aurum-sabatons.png"
"Titan Pickaxe","tool","tool","Mining tool — faster ore harvest.","Dwarven","epic","craftable recipe (epic)","Crafted at a Crafting Bench from refined alloy + components (epic recipe).","—","Mining tool — boosts dig speed & ore yield.","Fantasy Set — Epic","fantasy-epic","titan-pickaxe","https://9afbd236-7d37-4308-a43c-ac6aaeefcf0c-00-1ds7vdxuwq1ua.kirk.replit.dev/assets/ui/icons/fantasy-epic/titan-pickaxe.png"
"Deepcore Drill","tool","tool","Mining tool — faster ore harvest.","Runic","epic","craftable recipe (epic)","Crafted at a Crafting Bench from refined alloy + components (epic recipe).","—","Mining tool — boosts dig speed & ore yield.","Fantasy Set — Epic","fantasy-epic","deepcore-drill","https://9afbd236-7d37-4308-a43c-ac6aaeefcf0c-00-1ds7vdxuwq1ua.kirk.replit.dev/assets/ui/icons/fantasy-epic/deepcore-drill.png"
"Earthshaker Hammer","tool","tool","Hammer — smithing + heavy melee.","Magma","epic","craftable recipe (epic)","Crafted at a Crafting Bench from refined alloy + components (epic recipe).","—","Mining tool — boosts dig speed & ore yield.","Fantasy Set — Epic","fantasy-epic","earthshaker-hammer","https://9afbd236-7d37-4308-a43c-ac6aaeefcf0c-00-1ds7vdxuwq1ua.kirk.replit.dev/assets/ui/icons/fantasy-epic/earthshaker-hammer.png"
"Crystal Edge","weapon","weapon","Melee weapon — close-quarters strikes.","Crystal","epic","craftable recipe (epic)","Crafted at a Crafting Bench from refined alloy + components (epic recipe).","—","—","Fantasy Set — Epic","fantasy-epic","crystal-edge","https://9afbd236-7d37-4308-a43c-ac6aaeefcf0c-00-1ds7vdxuwq1ua.kirk.replit.dev/assets/ui/icons/fantasy-epic/crystal-edge.png"
"Arcanite Crossbow","weapon","weapon","Ranged weapon — silent bolts.","Aurum","epic","craftable recipe (epic)","Crafted at a Crafting Bench from refined alloy + components (epic recipe).","—","—","Fantasy Set — Epic","fantasy-epic","arcanite-crossbow","https://9afbd236-7d37-4308-a43c-ac6aaeefcf0c-00-1ds7vdxuwq1ua.kirk.replit.dev/assets/ui/icons/fantasy-epic/arcanite-crossbow.png"
"Ember Gauntlets","set-piece","hand","Hand set-piece — boosts attack speed & tool handling.","Molten","legendary","set piece (legendary) — upgrades gear","Crafted at a Crafting Bench from refined alloy + components (legendary recipe).","—","—","Fantasy Set — Legendary","fantasy-legendary","ember-gauntlets","https://9afbd236-7d37-4308-a43c-ac6aaeefcf0c-00-1ds7vdxuwq1ua.kirk.replit.dev/assets/ui/icons/fantasy-legendary/ember-gauntlets.png"
"Gilded Crushers","set-piece","hand","Hand set-piece — boosts attack speed & tool handling.","Gilded","legendary","set piece (legendary) — upgrades gear","Crafted at a Crafting Bench from refined alloy + components (legendary recipe).","—","—","Fantasy Set — Legendary","fantasy-legendary","gilded-crushers","https://9afbd236-7d37-4308-a43c-ac6aaeefcf0c-00-1ds7vdxuwq1ua.kirk.replit.dev/assets/ui/icons/fantasy-legendary/gilded-crushers.png"
"Void Grips","set-piece","hand","Hand set-piece — adds an energized melee strike.","Void","legendary","set piece (legendary) — upgrades gear","Crafted at a Crafting Bench from refined alloy + components (legendary recipe).","—","—","Fantasy Set — Legendary","fantasy-legendary","void-grips","https://9afbd236-7d37-4308-a43c-ac6aaeefcf0c-00-1ds7vdxuwq1ua.kirk.replit.dev/assets/ui/icons/fantasy-legendary/void-grips.png"
"Frostbound Mitts","set-piece","hand","Hand set-piece — boosts attack speed & tool handling.","Frost","legendary","set piece (legendary) — upgrades gear","Crafted at a Crafting Bench from refined alloy + components (legendary recipe).","—","—","Fantasy Set — Legendary","fantasy-legendary","frostbound-mitts","https://9afbd236-7d37-4308-a43c-ac6aaeefcf0c-00-1ds7vdxuwq1ua.kirk.replit.dev/assets/ui/icons/fantasy-legendary/frostbound-mitts.png"
"Stormclad Gauntlets","set-piece","hand","Hand set-piece — boosts attack speed & tool handling.","Storm","legendary","set piece (legendary) — upgrades gear","Crafted at a Crafting Bench from refined alloy + components (legendary recipe).","—","—","Fantasy Set — Legendary","fantasy-legendary","stormclad-gauntlets","https://9afbd236-7d37-4308-a43c-ac6aaeefcf0c-00-1ds7vdxuwq1ua.kirk.replit.dev/assets/ui/icons/fantasy-legendary/stormclad-gauntlets.png"
"Molten Plate","set-piece","chest","Chest set-piece — raises armor & max health.","Molten","legendary","set piece (legendary) — upgrades gear","Crafted at a Crafting Bench from refined alloy + components (legendary recipe).","—","—","Fantasy Set — Legendary","fantasy-legendary","molten-plate","https://9afbd236-7d37-4308-a43c-ac6aaeefcf0c-00-1ds7vdxuwq1ua.kirk.replit.dev/assets/ui/icons/fantasy-legendary/molten-plate.png"
"Auric Chestplate","set-piece","chest","Chest set-piece — raises armor & max health.","Gilded","legendary","set piece (legendary) — upgrades gear","Crafted at a Crafting Bench from refined alloy + components (legendary recipe).","—","—","Fantasy Set — Legendary","fantasy-legendary","auric-chestplate","https://9afbd236-7d37-4308-a43c-ac6aaeefcf0c-00-1ds7vdxuwq1ua.kirk.replit.dev/assets/ui/icons/fantasy-legendary/auric-chestplate.png"
"Obsidian Carapace","set-piece","chest","Chest set-piece — raises armor & max health.","Void","legendary","set piece (legendary) — upgrades gear","Crafted at a Crafting Bench from refined alloy + components (legendary recipe).","—","—","Fantasy Set — Legendary","fantasy-legendary","obsidian-carapace","https://9afbd236-7d37-4308-a43c-ac6aaeefcf0c-00-1ds7vdxuwq1ua.kirk.replit.dev/assets/ui/icons/fantasy-legendary/obsidian-carapace.png"
"Glacial Armor","set-piece","chest","Chest set-piece — raises armor & max health.","Frost","legendary","set piece (legendary) — upgrades gear","Crafted at a Crafting Bench from refined alloy + components (legendary recipe).","—","—","Fantasy Set — Legendary","fantasy-legendary","glacial-armor","https://9afbd236-7d37-4308-a43c-ac6aaeefcf0c-00-1ds7vdxuwq1ua.kirk.replit.dev/assets/ui/icons/fantasy-legendary/glacial-armor.png"
"Thunder Aegis","set-piece","chest","Chest set-piece — raises armor & max health.","Storm","legendary","set piece (legendary) — upgrades gear","Crafted at a Crafting Bench from refined alloy + components (legendary recipe).","—","—","Fantasy Set — Legendary","fantasy-legendary","thunder-aegis","https://9afbd236-7d37-4308-a43c-ac6aaeefcf0c-00-1ds7vdxuwq1ua.kirk.replit.dev/assets/ui/icons/fantasy-legendary/thunder-aegis.png"
"Magma Helm","set-piece","head","Head set-piece — improves detection & resists headshots.","Molten","legendary","set piece (legendary) — upgrades gear","Crafted at a Crafting Bench from refined alloy + components (legendary recipe).","—","—","Fantasy Set — Legendary","fantasy-legendary","magma-helm","https://9afbd236-7d37-4308-a43c-ac6aaeefcf0c-00-1ds7vdxuwq1ua.kirk.replit.dev/assets/ui/icons/fantasy-legendary/magma-helm.png"
"Crown of Riches","set-piece","head","Head set-piece — commander aura buffs nearby allies.","Gilded","legendary","set piece (legendary) — upgrades gear","Crafted at a Crafting Bench from refined alloy + components (legendary recipe).","—","—","Fantasy Set — Legendary","fantasy-legendary","crown-of-riches","https://9afbd236-7d37-4308-a43c-ac6aaeefcf0c-00-1ds7vdxuwq1ua.kirk.replit.dev/assets/ui/icons/fantasy-legendary/crown-of-riches.png"
"Void Helm","set-piece","head","Head set-piece — improves detection & resists headshots.","Void","legendary","set piece (legendary) — upgrades gear","Crafted at a Crafting Bench from refined alloy + components (legendary recipe).","—","—","Fantasy Set — Legendary","fantasy-legendary","void-helm","https://9afbd236-7d37-4308-a43c-ac6aaeefcf0c-00-1ds7vdxuwq1ua.kirk.replit.dev/assets/ui/icons/fantasy-legendary/void-helm.png"
"Frostbite Helm","set-piece","head","Head set-piece — improves detection & resists headshots.","Frost","legendary","set piece (legendary) — upgrades gear","Crafted at a Crafting Bench from refined alloy + components (legendary recipe).","—","—","Fantasy Set — Legendary","fantasy-legendary","frostbite-helm","https://9afbd236-7d37-4308-a43c-ac6aaeefcf0c-00-1ds7vdxuwq1ua.kirk.replit.dev/assets/ui/icons/fantasy-legendary/frostbite-helm.png"
"Storm Helm","set-piece","head","Head set-piece — improves detection & resists headshots.","Storm","legendary","set piece (legendary) — upgrades gear","Crafted at a Crafting Bench from refined alloy + components (legendary recipe).","—","—","Fantasy Set — Legendary","fantasy-legendary","storm-helm","https://9afbd236-7d37-4308-a43c-ac6aaeefcf0c-00-1ds7vdxuwq1ua.kirk.replit.dev/assets/ui/icons/fantasy-legendary/storm-helm.png"
"Lava Stompers","set-piece","feet","Feet set-piece — surface grip — stability on any terrain.","Molten","legendary","set piece (legendary) — upgrades gear","Crafted at a Crafting Bench from refined alloy + components (legendary recipe).","—","—","Fantasy Set — Legendary","fantasy-legendary","lava-stompers","https://9afbd236-7d37-4308-a43c-ac6aaeefcf0c-00-1ds7vdxuwq1ua.kirk.replit.dev/assets/ui/icons/fantasy-legendary/lava-stompers.png"
"Golden Greaves","set-piece","feet","Feet set-piece — increases movement speed.","Gilded","legendary","set piece (legendary) — upgrades gear","Crafted at a Crafting Bench from refined alloy + components (legendary recipe).","—","—","Fantasy Set — Legendary","fantasy-legendary","golden-greaves","https://9afbd236-7d37-4308-a43c-ac6aaeefcf0c-00-1ds7vdxuwq1ua.kirk.replit.dev/assets/ui/icons/fantasy-legendary/golden-greaves.png"
"Shadow Treads","set-piece","feet","Feet set-piece — increases movement speed.","Void","legendary","set piece (legendary) — upgrades gear","Crafted at a Crafting Bench from refined alloy + components (legendary recipe).","—","—","Fantasy Set — Legendary","fantasy-legendary","shadow-treads","https://9afbd236-7d37-4308-a43c-ac6aaeefcf0c-00-1ds7vdxuwq1ua.kirk.replit.dev/assets/ui/icons/fantasy-legendary/shadow-treads.png"
"Icewalkers","set-piece","feet","Feet set-piece — grants leap / hover / dash mobility.","Frost","legendary","set piece (legendary) — upgrades gear","Crafted at a Crafting Bench from refined alloy + components (legendary recipe).","—","—","Fantasy Set — Legendary","fantasy-legendary","icewalkers","https://9afbd236-7d37-4308-a43c-ac6aaeefcf0c-00-1ds7vdxuwq1ua.kirk.replit.dev/assets/ui/icons/fantasy-legendary/icewalkers.png"
"Thunder Boots","set-piece","feet","Feet set-piece — increases movement speed.","Storm","legendary","set piece (legendary) — upgrades gear","Crafted at a Crafting Bench from refined alloy + components (legendary recipe).","—","—","Fantasy Set — Legendary","fantasy-legendary","thunder-boots","https://9afbd236-7d37-4308-a43c-ac6aaeefcf0c-00-1ds7vdxuwq1ua.kirk.replit.dev/assets/ui/icons/fantasy-legendary/thunder-boots.png"
"Crystal Pickaxe","tool","tool","Mining tool — faster ore harvest.","Molten","legendary","craftable recipe (legendary)","Crafted at a Crafting Bench from refined alloy + components (legendary recipe).","—","Mining tool — boosts dig speed & ore yield.","Fantasy Set — Legendary","fantasy-legendary","crystal-pickaxe","https://9afbd236-7d37-4308-a43c-ac6aaeefcf0c-00-1ds7vdxuwq1ua.kirk.replit.dev/assets/ui/icons/fantasy-legendary/crystal-pickaxe.png"
"Titan Drill","tool","tool","Mining tool — faster ore harvest.","Gilded","legendary","craftable recipe (legendary)","Crafted at a Crafting Bench from refined alloy + components (legendary recipe).","—","Mining tool — boosts dig speed & ore yield.","Fantasy Set — Legendary","fantasy-legendary","titan-drill","https://9afbd236-7d37-4308-a43c-ac6aaeefcf0c-00-1ds7vdxuwq1ua.kirk.replit.dev/assets/ui/icons/fantasy-legendary/titan-drill.png"
"Earthshaker Hammer","tool","tool","Hammer — smithing + heavy melee.","Void","legendary","craftable recipe (legendary)","Crafted at a Crafting Bench from refined alloy + components (legendary recipe).","—","Mining tool — boosts dig speed & ore yield.","Fantasy Set — Legendary","fantasy-legendary","earthshaker-hammer","https://9afbd236-7d37-4308-a43c-ac6aaeefcf0c-00-1ds7vdxuwq1ua.kirk.replit.dev/assets/ui/icons/fantasy-legendary/earthshaker-hammer.png"
"Runeblade","weapon","weapon","Melee weapon — close-quarters strikes.","Frost","legendary","craftable recipe (legendary)","Crafted at a Crafting Bench from refined alloy + components (legendary recipe).","—","—","Fantasy Set — Legendary","fantasy-legendary","runeblade","https://9afbd236-7d37-4308-a43c-ac6aaeefcf0c-00-1ds7vdxuwq1ua.kirk.replit.dev/assets/ui/icons/fantasy-legendary/runeblade.png"
"Arcanic Crossbow","weapon","weapon","Ranged weapon — silent bolts.","Storm","legendary","craftable recipe (legendary)","Crafted at a Crafting Bench from refined alloy + components (legendary recipe).","—","—","Fantasy Set — Legendary","fantasy-legendary","arcanic-crossbow","https://9afbd236-7d37-4308-a43c-ac6aaeefcf0c-00-1ds7vdxuwq1ua.kirk.replit.dev/assets/ui/icons/fantasy-legendary/arcanic-crossbow.png"
"Tactical Gloves","set-piece","hand","Hand set-piece — boosts attack speed & tool handling.","Tactical","common","set piece (common) — upgrades gear","Crafted at a Crafting Bench from refined alloy + components (common recipe).","—","—","Tactical Set — Common","tactical-common","tactical-gloves","https://9afbd236-7d37-4308-a43c-ac6aaeefcf0c-00-1ds7vdxuwq1ua.kirk.replit.dev/assets/ui/icons/tactical-common/tactical-gloves.png"
"Reinforced Grip","set-piece","hand","Hand set-piece — boosts attack speed & tool handling.","Tactical","common","set piece (common) — upgrades gear","Crafted at a Crafting Bench from refined alloy + components (common recipe).","—","—","Tactical Set — Common","tactical-common","reinforced-grip","https://9afbd236-7d37-4308-a43c-ac6aaeefcf0c-00-1ds7vdxuwq1ua.kirk.replit.dev/assets/ui/icons/tactical-common/reinforced-grip.png"
"Shock Pads","set-piece","hand","Hand set-piece — adds an energized melee strike.","Tactical","common","set piece (common) — upgrades gear","Crafted at a Crafting Bench from refined alloy + components (common recipe).","—","—","Tactical Set — Common","tactical-common","shock-pads","https://9afbd236-7d37-4308-a43c-ac6aaeefcf0c-00-1ds7vdxuwq1ua.kirk.replit.dev/assets/ui/icons/tactical-common/shock-pads.png"
"Nano Gloves","set-piece","hand","Hand set-piece — boosts attack speed & tool handling.","Tactical","common","set piece (common) — upgrades gear","Crafted at a Crafting Bench from refined alloy + components (common recipe).","—","—","Tactical Set — Common","tactical-common","nano-gloves","https://9afbd236-7d37-4308-a43c-ac6aaeefcf0c-00-1ds7vdxuwq1ua.kirk.replit.dev/assets/ui/icons/tactical-common/nano-gloves.png"
"Combat Wraps","set-piece","hand","Hand set-piece — boosts attack speed & tool handling.","Tactical","common","set piece (common) — upgrades gear","Crafted at a Crafting Bench from refined alloy + components (common recipe).","—","—","Tactical Set — Common","tactical-common","combat-wraps","https://9afbd236-7d37-4308-a43c-ac6aaeefcf0c-00-1ds7vdxuwq1ua.kirk.replit.dev/assets/ui/icons/tactical-common/combat-wraps.png"
"Standard Plate","set-piece","chest","Chest set-piece — raises armor & max health.","Tactical","common","set piece (common) — upgrades gear","Crafted at a Crafting Bench from refined alloy + components (common recipe).","—","—","Tactical Set — Common","tactical-common","standard-plate","https://9afbd236-7d37-4308-a43c-ac6aaeefcf0c-00-1ds7vdxuwq1ua.kirk.replit.dev/assets/ui/icons/tactical-common/standard-plate.png"
"Ballistic Vest","set-piece","chest","Chest set-piece — raises armor & max health.","Tactical","common","set piece (common) — upgrades gear","Crafted at a Crafting Bench from refined alloy + components (common recipe).","—","—","Tactical Set — Common","tactical-common","ballistic-vest","https://9afbd236-7d37-4308-a43c-ac6aaeefcf0c-00-1ds7vdxuwq1ua.kirk.replit.dev/assets/ui/icons/tactical-common/ballistic-vest.png"
"Light Armor","set-piece","chest","Chest set-piece — raises armor & max health.","Tactical","common","set piece (common) — upgrades gear","Crafted at a Crafting Bench from refined alloy + components (common recipe).","—","—","Tactical Set — Common","tactical-common","light-armor","https://9afbd236-7d37-4308-a43c-ac6aaeefcf0c-00-1ds7vdxuwq1ua.kirk.replit.dev/assets/ui/icons/tactical-common/light-armor.png"
"Recon Harness","set-piece","chest","Chest set-piece — raises armor & max health.","Tactical","common","set piece (common) — upgrades gear","Crafted at a Crafting Bench from refined alloy + components (common recipe).","—","—","Tactical Set — Common","tactical-common","recon-harness","https://9afbd236-7d37-4308-a43c-ac6aaeefcf0c-00-1ds7vdxuwq1ua.kirk.replit.dev/assets/ui/icons/tactical-common/recon-harness.png"
"Utility Rig","set-piece","chest","Chest set-piece — raises armor & max health.","Tactical","common","set piece (common) — upgrades gear","Crafted at a Crafting Bench from refined alloy + components (common recipe).","—","—","Tactical Set — Common","tactical-common","utility-rig","https://9afbd236-7d37-4308-a43c-ac6aaeefcf0c-00-1ds7vdxuwq1ua.kirk.replit.dev/assets/ui/icons/tactical-common/utility-rig.png"
"Combat Helmet","set-piece","head","Head set-piece — improves detection & resists headshots.","Tactical","common","set piece (common) — upgrades gear","Crafted at a Crafting Bench from refined alloy + components (common recipe).","—","Mining safety / utility gear.","Tactical Set — Common","tactical-common","combat-helmet","https://9afbd236-7d37-4308-a43c-ac6aaeefcf0c-00-1ds7vdxuwq1ua.kirk.replit.dev/assets/ui/icons/tactical-common/combat-helmet.png"
"Visor Cap","set-piece","head","Head set-piece — HUD visor highlights targets.","Tactical","common","set piece (common) — upgrades gear","Crafted at a Crafting Bench from refined alloy + components (common recipe).","—","—","Tactical Set — Common","tactical-common","visor-cap","https://9afbd236-7d37-4308-a43c-ac6aaeefcf0c-00-1ds7vdxuwq1ua.kirk.replit.dev/assets/ui/icons/tactical-common/visor-cap.png"
"Tactical Hood","set-piece","head","Head set-piece — filters toxic air for survival.","Tactical","common","set piece (common) — upgrades gear","Crafted at a Crafting Bench from refined alloy + components (common recipe).","—","—","Tactical Set — Common","tactical-common","tactical-hood","https://9afbd236-7d37-4308-a43c-ac6aaeefcf0c-00-1ds7vdxuwq1ua.kirk.replit.dev/assets/ui/icons/tactical-common/tactical-hood.png"
"Gas Mask","set-piece","head","Head set-piece — filters toxic air for survival.","Tactical","common","set piece (common) — upgrades gear","Crafted at a Crafting Bench from refined alloy + components (common recipe).","—","—","Tactical Set — Common","tactical-common","gas-mask","https://9afbd236-7d37-4308-a43c-ac6aaeefcf0c-00-1ds7vdxuwq1ua.kirk.replit.dev/assets/ui/icons/tactical-common/gas-mask.png"
"Scout Beret","set-piece","head","Head set-piece — improves detection & resists headshots.","Tactical","common","set piece (common) — upgrades gear","Crafted at a Crafting Bench from refined alloy + components (common recipe).","—","—","Tactical Set — Common","tactical-common","scout-beret","https://9afbd236-7d37-4308-a43c-ac6aaeefcf0c-00-1ds7vdxuwq1ua.kirk.replit.dev/assets/ui/icons/tactical-common/scout-beret.png"
"Combat Boots","set-piece","feet","Feet set-piece — increases movement speed.","Tactical","common","set piece (common) — upgrades gear","Crafted at a Crafting Bench from refined alloy + components (common recipe).","—","—","Tactical Set — Common","tactical-common","combat-boots","https://9afbd236-7d37-4308-a43c-ac6aaeefcf0c-00-1ds7vdxuwq1ua.kirk.replit.dev/assets/ui/icons/tactical-common/combat-boots.png"
"Steel Toes","set-piece","feet","Feet set-piece — increases movement speed.","Tactical","common","set piece (common) — upgrades gear","Crafted at a Crafting Bench from refined alloy + components (common recipe).","—","—","Tactical Set — Common","tactical-common","steel-toes","https://9afbd236-7d37-4308-a43c-ac6aaeefcf0c-00-1ds7vdxuwq1ua.kirk.replit.dev/assets/ui/icons/tactical-common/steel-toes.png"
"Jump Pads","set-piece","feet","Feet set-piece — grants leap / hover / dash mobility.","Tactical","common","set piece (common) — upgrades gear","Crafted at a Crafting Bench from refined alloy + components (common recipe).","—","—","Tactical Set — Common","tactical-common","jump-pads","https://9afbd236-7d37-4308-a43c-ac6aaeefcf0c-00-1ds7vdxuwq1ua.kirk.replit.dev/assets/ui/icons/tactical-common/jump-pads.png"
"Traction Cleats","set-piece","feet","Feet set-piece — surface grip — stability on any terrain.","Tactical","common","set piece (common) — upgrades gear","Crafted at a Crafting Bench from refined alloy + components (common recipe).","—","—","Tactical Set — Common","tactical-common","traction-cleats","https://9afbd236-7d37-4308-a43c-ac6aaeefcf0c-00-1ds7vdxuwq1ua.kirk.replit.dev/assets/ui/icons/tactical-common/traction-cleats.png"
"Mag Boots","set-piece","feet","Feet set-piece — surface grip — stability on any terrain.","Tactical","common","set piece (common) — upgrades gear","Crafted at a Crafting Bench from refined alloy + components (common recipe).","—","—","Tactical Set — Common","tactical-common","mag-boots","https://9afbd236-7d37-4308-a43c-ac6aaeefcf0c-00-1ds7vdxuwq1ua.kirk.replit.dev/assets/ui/icons/tactical-common/mag-boots.png"
"Assault Rifle","weapon","weapon","Firearm — primary ranged weapon.","Tactical","common","craftable recipe (common)","Crafted at a Crafting Bench from refined alloy + components (common recipe).","—","—","Tactical Set — Common","tactical-common","assault-rifle","https://9afbd236-7d37-4308-a43c-ac6aaeefcf0c-00-1ds7vdxuwq1ua.kirk.replit.dev/assets/ui/icons/tactical-common/assault-rifle.png"
"Sidearm","weapon","weapon","Sidearm — fast-draw backup gun.","Tactical","common","craftable recipe (common)","Crafted at a Crafting Bench from refined alloy + components (common recipe).","—","—","Tactical Set — Common","tactical-common","sidearm","https://9afbd236-7d37-4308-a43c-ac6aaeefcf0c-00-1ds7vdxuwq1ua.kirk.replit.dev/assets/ui/icons/tactical-common/sidearm.png"
"Grenade","throwable","","Throwable — AoE blast on impact.","Tactical","common","craftable ordnance","Ordnance — crafted at an Explosives Bench from a casing + charge.","Single-use — consumed on use.","—","Tactical Set — Common","tactical-common","grenade","https://9afbd236-7d37-4308-a43c-ac6aaeefcf0c-00-1ds7vdxuwq1ua.kirk.replit.dev/assets/ui/icons/tactical-common/grenade.png"
"Knife","weapon","weapon","Melee weapon — close-quarters strikes.","Tactical","common","craftable recipe (common)","Crafted at a Crafting Bench from refined alloy + components (common recipe).","—","—","Tactical Set — Common","tactical-common","knife","https://9afbd236-7d37-4308-a43c-ac6aaeefcf0c-00-1ds7vdxuwq1ua.kirk.replit.dev/assets/ui/icons/tactical-common/knife.png"
"Shotgun","weapon","weapon","Firearm — primary ranged weapon.","Tactical","common","craftable recipe (common)","Crafted at a Crafting Bench from refined alloy + components (common recipe).","—","—","Tactical Set — Common","tactical-common","shotgun","https://9afbd236-7d37-4308-a43c-ac6aaeefcf0c-00-1ds7vdxuwq1ua.kirk.replit.dev/assets/ui/icons/tactical-common/shotgun.png"
"Reinforced Gloves","set-piece","hand","Hand set-piece — boosts attack speed & tool handling.","Tactical","rare","set piece (rare) — upgrades gear","Crafted at a Crafting Bench from refined alloy + components (rare recipe).","—","—","Tactical Set — Rare","tactical-rare","reinforced-gloves","https://9afbd236-7d37-4308-a43c-ac6aaeefcf0c-00-1ds7vdxuwq1ua.kirk.replit.dev/assets/ui/icons/tactical-rare/reinforced-gloves.png"
"Kinetic Grip","set-piece","hand","Hand set-piece — adds an energized melee strike.","Tactical","rare","set piece (rare) — upgrades gear","Crafted at a Crafting Bench from refined alloy + components (rare recipe).","—","—","Tactical Set — Rare","tactical-rare","kinetic-grip","https://9afbd236-7d37-4308-a43c-ac6aaeefcf0c-00-1ds7vdxuwq1ua.kirk.replit.dev/assets/ui/icons/tactical-rare/kinetic-grip.png"
"Shock Gauntlets","set-piece","hand","Hand set-piece — adds an energized melee strike.","Tactical","rare","set piece (rare) — upgrades gear","Crafted at a Crafting Bench from refined alloy + components (rare recipe).","—","—","Tactical Set — Rare","tactical-rare","shock-gauntlets","https://9afbd236-7d37-4308-a43c-ac6aaeefcf0c-00-1ds7vdxuwq1ua.kirk.replit.dev/assets/ui/icons/tactical-rare/shock-gauntlets.png"
"Nano Wraps","set-piece","hand","Hand set-piece — boosts attack speed & tool handling.","Tactical","rare","set piece (rare) — upgrades gear","Crafted at a Crafting Bench from refined alloy + components (rare recipe).","—","—","Tactical Set — Rare","tactical-rare","nano-wraps","https://9afbd236-7d37-4308-a43c-ac6aaeefcf0c-00-1ds7vdxuwq1ua.kirk.replit.dev/assets/ui/icons/tactical-rare/nano-wraps.png"
"Assault Mitts","set-piece","hand","Hand set-piece — adds an energized melee strike.","Tactical","rare","set piece (rare) — upgrades gear","Crafted at a Crafting Bench from refined alloy + components (rare recipe).","—","—","Tactical Set — Rare","tactical-rare","assault-mitts","https://9afbd236-7d37-4308-a43c-ac6aaeefcf0c-00-1ds7vdxuwq1ua.kirk.replit.dev/assets/ui/icons/tactical-rare/assault-mitts.png"
"Assault Plate","set-piece","chest","Chest set-piece — raises armor & max health.","Tactical","rare","set piece (rare) — upgrades gear","Crafted at a Crafting Bench from refined alloy + components (rare recipe).","—","—","Tactical Set — Rare","tactical-rare","assault-plate","https://9afbd236-7d37-4308-a43c-ac6aaeefcf0c-00-1ds7vdxuwq1ua.kirk.replit.dev/assets/ui/icons/tactical-rare/assault-plate.png"
"Reactive Vest","set-piece","chest","Chest set-piece — reactive plating cuts incoming damage.","Tactical","rare","set piece (rare) — upgrades gear","Crafted at a Crafting Bench from refined alloy + components (rare recipe).","—","—","Tactical Set — Rare","tactical-rare","reactive-vest","https://9afbd236-7d37-4308-a43c-ac6aaeefcf0c-00-1ds7vdxuwq1ua.kirk.replit.dev/assets/ui/icons/tactical-rare/reactive-vest.png"
"Spec Ops Harness","set-piece","chest","Chest set-piece — raises armor & max health.","Tactical","rare","set piece (rare) — upgrades gear","Crafted at a Crafting Bench from refined alloy + components (rare recipe).","—","—","Tactical Set — Rare","tactical-rare","spec-ops-harness","https://9afbd236-7d37-4308-a43c-ac6aaeefcf0c-00-1ds7vdxuwq1ua.kirk.replit.dev/assets/ui/icons/tactical-rare/spec-ops-harness.png"
"Tactical Rig","set-piece","chest","Chest set-piece — raises armor & max health.","Tactical","rare","set piece (rare) — upgrades gear","Crafted at a Crafting Bench from refined alloy + components (rare recipe).","—","—","Tactical Set — Rare","tactical-rare","tactical-rig","https://9afbd236-7d37-4308-a43c-ac6aaeefcf0c-00-1ds7vdxuwq1ua.kirk.replit.dev/assets/ui/icons/tactical-rare/tactical-rig.png"
"Powered Armor Core","set-piece","chest","Chest set-piece — powered plate adds an energy shield.","Tactical","rare","set piece (rare) — upgrades gear","Crafted at a Crafting Bench from refined alloy + components (rare recipe).","—","Mineable deposit — drops raw resources when mined.","Tactical Set — Rare","tactical-rare","powered-armor-core","https://9afbd236-7d37-4308-a43c-ac6aaeefcf0c-00-1ds7vdxuwq1ua.kirk.replit.dev/assets/ui/icons/tactical-rare/powered-armor-core.png"
"Ballistic Helmet","set-piece","head","Head set-piece — improves detection & resists headshots.","Tactical","rare","set piece (rare) — upgrades gear","Crafted at a Crafting Bench from refined alloy + components (rare recipe).","—","Mining safety / utility gear.","Tactical Set — Rare","tactical-rare","ballistic-helmet","https://9afbd236-7d37-4308-a43c-ac6aaeefcf0c-00-1ds7vdxuwq1ua.kirk.replit.dev/assets/ui/icons/tactical-rare/ballistic-helmet.png"
"Smart Visor","set-piece","head","Head set-piece — HUD visor highlights targets.","Tactical","rare","set piece (rare) — upgrades gear","Crafted at a Crafting Bench from refined alloy + components (rare recipe).","—","—","Tactical Set — Rare","tactical-rare","smart-visor","https://9afbd236-7d37-4308-a43c-ac6aaeefcf0c-00-1ds7vdxuwq1ua.kirk.replit.dev/assets/ui/icons/tactical-rare/smart-visor.png"
"Stealth Hood","set-piece","head","Head set-piece — filters toxic air for survival.","Tactical","rare","set piece (rare) — upgrades gear","Crafted at a Crafting Bench from refined alloy + components (rare recipe).","—","—","Tactical Set — Rare","tactical-rare","stealth-hood","https://9afbd236-7d37-4308-a43c-ac6aaeefcf0c-00-1ds7vdxuwq1ua.kirk.replit.dev/assets/ui/icons/tactical-rare/stealth-hood.png"
"Rebreather Mask","set-piece","head","Head set-piece — filters toxic air for survival.","Tactical","rare","set piece (rare) — upgrades gear","Crafted at a Crafting Bench from refined alloy + components (rare recipe).","—","—","Tactical Set — Rare","tactical-rare","rebreather-mask","https://9afbd236-7d37-4308-a43c-ac6aaeefcf0c-00-1ds7vdxuwq1ua.kirk.replit.dev/assets/ui/icons/tactical-rare/rebreather-mask.png"
"Cyber Beret","set-piece","head","Head set-piece — improves detection & resists headshots.","Tactical","rare","set piece (rare) — upgrades gear","Crafted at a Crafting Bench from refined alloy + components (rare recipe).","—","—","Tactical Set — Rare","tactical-rare","cyber-beret","https://9afbd236-7d37-4308-a43c-ac6aaeefcf0c-00-1ds7vdxuwq1ua.kirk.replit.dev/assets/ui/icons/tactical-rare/cyber-beret.png"
"Maglock Boots","set-piece","feet","Feet set-piece — surface grip — stability on any terrain.","Tactical","rare","set piece (rare) — upgrades gear","Crafted at a Crafting Bench from refined alloy + components (rare recipe).","—","—","Tactical Set — Rare","tactical-rare","maglock-boots","https://9afbd236-7d37-4308-a43c-ac6aaeefcf0c-00-1ds7vdxuwq1ua.kirk.replit.dev/assets/ui/icons/tactical-rare/maglock-boots.png"
"Jump Boots","set-piece","feet","Feet set-piece — grants leap / hover / dash mobility.","Tactical","rare","set piece (rare) — upgrades gear","Crafted at a Crafting Bench from refined alloy + components (rare recipe).","—","—","Tactical Set — Rare","tactical-rare","jump-boots","https://9afbd236-7d37-4308-a43c-ac6aaeefcf0c-00-1ds7vdxuwq1ua.kirk.replit.dev/assets/ui/icons/tactical-rare/jump-boots.png"
"Grip Cleats","set-piece","feet","Feet set-piece — surface grip — stability on any terrain.","Tactical","rare","set piece (rare) — upgrades gear","Crafted at a Crafting Bench from refined alloy + components (rare recipe).","—","—","Tactical Set — Rare","tactical-rare","grip-cleats","https://9afbd236-7d37-4308-a43c-ac6aaeefcf0c-00-1ds7vdxuwq1ua.kirk.replit.dev/assets/ui/icons/tactical-rare/grip-cleats.png"
"Shock Absorbers","set-piece","feet","Feet set-piece — surface grip — stability on any terrain.","Tactical","rare","set piece (rare) — upgrades gear","Crafted at a Crafting Bench from refined alloy + components (rare recipe).","—","—","Tactical Set — Rare","tactical-rare","shock-absorbers","https://9afbd236-7d37-4308-a43c-ac6aaeefcf0c-00-1ds7vdxuwq1ua.kirk.replit.dev/assets/ui/icons/tactical-rare/shock-absorbers.png"
"Thruster Boots","set-piece","feet","Feet set-piece — grants leap / hover / dash mobility.","Tactical","rare","set piece (rare) — upgrades gear","Crafted at a Crafting Bench from refined alloy + components (rare recipe).","—","—","Tactical Set — Rare","tactical-rare","thruster-boots","https://9afbd236-7d37-4308-a43c-ac6aaeefcf0c-00-1ds7vdxuwq1ua.kirk.replit.dev/assets/ui/icons/tactical-rare/thruster-boots.png"
"Pulse Rifle","weapon","weapon","Firearm — primary ranged weapon.","Tactical","rare","craftable recipe (rare)","Crafted at a Crafting Bench from refined alloy + components (rare recipe).","—","—","Tactical Set — Rare","tactical-rare","pulse-rifle","https://9afbd236-7d37-4308-a43c-ac6aaeefcf0c-00-1ds7vdxuwq1ua.kirk.replit.dev/assets/ui/icons/tactical-rare/pulse-rifle.png"
"Rail Pistol","weapon","weapon","Sidearm — fast-draw backup gun.","Tactical","rare","craftable recipe (rare)","Crafted at a Crafting Bench from refined alloy + components (rare recipe).","—","—","Tactical Set — Rare","tactical-rare","rail-pistol","https://9afbd236-7d37-4308-a43c-ac6aaeefcf0c-00-1ds7vdxuwq1ua.kirk.replit.dev/assets/ui/icons/tactical-rare/rail-pistol.png"
"Frag Grenade","throwable","","Throwable — AoE blast on impact.","Tactical","rare","craftable ordnance","Ordnance — crafted at an Explosives Bench from a casing + charge.","Single-use — consumed on use.","—","Tactical Set — Rare","tactical-rare","frag-grenade","https://9afbd236-7d37-4308-a43c-ac6aaeefcf0c-00-1ds7vdxuwq1ua.kirk.replit.dev/assets/ui/icons/tactical-rare/frag-grenade.png"
"Mono Knife","weapon","weapon","Melee weapon — close-quarters strikes.","Tactical","rare","craftable recipe (rare)","Crafted at a Crafting Bench from refined alloy + components (rare recipe).","—","—","Tactical Set — Rare","tactical-rare","mono-knife","https://9afbd236-7d37-4308-a43c-ac6aaeefcf0c-00-1ds7vdxuwq1ua.kirk.replit.dev/assets/ui/icons/tactical-rare/mono-knife.png"
"Combat Shotgun","weapon","weapon","Firearm — primary ranged weapon.","Tactical","rare","craftable recipe (rare)","Crafted at a Crafting Bench from refined alloy + components (rare recipe).","—","—","Tactical Set — Rare","tactical-rare","combat-shotgun","https://9afbd236-7d37-4308-a43c-ac6aaeefcf0c-00-1ds7vdxuwq1ua.kirk.replit.dev/assets/ui/icons/tactical-rare/combat-shotgun.png"
"Elite Gloves","set-piece","hand","Hand set-piece — boosts attack speed & tool handling.","Tactical","epic","set piece (epic) — upgrades gear","Crafted at a Crafting Bench from refined alloy + components (epic recipe).","—","—","Tactical Set — Epic","tactical-epic","elite-gloves","https://9afbd236-7d37-4308-a43c-ac6aaeefcf0c-00-1ds7vdxuwq1ua.kirk.replit.dev/assets/ui/icons/tactical-epic/elite-gloves.png"
"Power Gauntlets","set-piece","hand","Hand set-piece — boosts attack speed & tool handling.","Tactical","epic","set piece (epic) — upgrades gear","Crafted at a Crafting Bench from refined alloy + components (epic recipe).","—","—","Tactical Set — Epic","tactical-epic","power-gauntlets","https://9afbd236-7d37-4308-a43c-ac6aaeefcf0c-00-1ds7vdxuwq1ua.kirk.replit.dev/assets/ui/icons/tactical-epic/power-gauntlets.png"
"Energy Wraps","set-piece","hand","Hand set-piece — adds an energized melee strike.","Tactical","epic","set piece (epic) — upgrades gear","Crafted at a Crafting Bench from refined alloy + components (epic recipe).","—","—","Tactical Set — Epic","tactical-epic","energy-wraps","https://9afbd236-7d37-4308-a43c-ac6aaeefcf0c-00-1ds7vdxuwq1ua.kirk.replit.dev/assets/ui/icons/tactical-epic/energy-wraps.png"
"Neural Grips","set-piece","hand","Hand set-piece — adds an energized melee strike.","Tactical","epic","set piece (epic) — upgrades gear","Crafted at a Crafting Bench from refined alloy + components (epic recipe).","—","—","Tactical Set — Epic","tactical-epic","neural-grips","https://9afbd236-7d37-4308-a43c-ac6aaeefcf0c-00-1ds7vdxuwq1ua.kirk.replit.dev/assets/ui/icons/tactical-epic/neural-grips.png"
"Assault Claws","set-piece","hand","Hand set-piece — adds an energized melee strike.","Tactical","epic","set piece (epic) — upgrades gear","Crafted at a Crafting Bench from refined alloy + components (epic recipe).","—","—","Tactical Set — Epic","tactical-epic","assault-claws","https://9afbd236-7d37-4308-a43c-ac6aaeefcf0c-00-1ds7vdxuwq1ua.kirk.replit.dev/assets/ui/icons/tactical-epic/assault-claws.png"
"Nano Plate","set-piece","chest","Chest set-piece — raises armor & max health.","Tactical","epic","set piece (epic) — upgrades gear","Crafted at a Crafting Bench from refined alloy + components (epic recipe).","—","—","Tactical Set — Epic","tactical-epic","nano-plate","https://9afbd236-7d37-4308-a43c-ac6aaeefcf0c-00-1ds7vdxuwq1ua.kirk.replit.dev/assets/ui/icons/tactical-epic/nano-plate.png"
"Reactive Armor","set-piece","chest","Chest set-piece — reactive plating cuts incoming damage.","Tactical","epic","set piece (epic) — upgrades gear","Crafted at a Crafting Bench from refined alloy + components (epic recipe).","—","—","Tactical Set — Epic","tactical-epic","reactive-armor","https://9afbd236-7d37-4308-a43c-ac6aaeefcf0c-00-1ds7vdxuwq1ua.kirk.replit.dev/assets/ui/icons/tactical-epic/reactive-armor.png"
"Assault Harness","set-piece","chest","Chest set-piece — raises armor & max health.","Tactical","epic","set piece (epic) — upgrades gear","Crafted at a Crafting Bench from refined alloy + components (epic recipe).","—","—","Tactical Set — Epic","tactical-epic","assault-harness","https://9afbd236-7d37-4308-a43c-ac6aaeefcf0c-00-1ds7vdxuwq1ua.kirk.replit.dev/assets/ui/icons/tactical-epic/assault-harness.png"
"Powered Rig","set-piece","chest","Chest set-piece — powered plate adds an energy shield.","Tactical","epic","set piece (epic) — upgrades gear","Crafted at a Crafting Bench from refined alloy + components (epic recipe).","—","—","Tactical Set — Epic","tactical-epic","powered-rig","https://9afbd236-7d37-4308-a43c-ac6aaeefcf0c-00-1ds7vdxuwq1ua.kirk.replit.dev/assets/ui/icons/tactical-epic/powered-rig.png"
"Cyber Core Vest","set-piece","chest","Chest set-piece — powered plate adds an energy shield.","Tactical","epic","set piece (epic) — upgrades gear","Crafted at a Crafting Bench from refined alloy + components (epic recipe).","—","Mineable deposit — drops raw resources when mined.","Tactical Set — Epic","tactical-epic","cyber-core-vest","https://9afbd236-7d37-4308-a43c-ac6aaeefcf0c-00-1ds7vdxuwq1ua.kirk.replit.dev/assets/ui/icons/tactical-epic/cyber-core-vest.png"
"Elite Helmet","set-piece","head","Head set-piece — improves detection & resists headshots.","Tactical","epic","set piece (epic) — upgrades gear","Crafted at a Crafting Bench from refined alloy + components (epic recipe).","—","Mining safety / utility gear.","Tactical Set — Epic","tactical-epic","elite-helmet","https://9afbd236-7d37-4308-a43c-ac6aaeefcf0c-00-1ds7vdxuwq1ua.kirk.replit.dev/assets/ui/icons/tactical-epic/elite-helmet.png"
"Holo Visor","set-piece","head","Head set-piece — HUD visor highlights targets.","Tactical","epic","set piece (epic) — upgrades gear","Crafted at a Crafting Bench from refined alloy + components (epic recipe).","—","—","Tactical Set — Epic","tactical-epic","holo-visor","https://9afbd236-7d37-4308-a43c-ac6aaeefcf0c-00-1ds7vdxuwq1ua.kirk.replit.dev/assets/ui/icons/tactical-epic/holo-visor.png"
"Stealth Mask","set-piece","head","Head set-piece — filters toxic air for survival.","Tactical","epic","set piece (epic) — upgrades gear","Crafted at a Crafting Bench from refined alloy + components (epic recipe).","—","—","Tactical Set — Epic","tactical-epic","stealth-mask","https://9afbd236-7d37-4308-a43c-ac6aaeefcf0c-00-1ds7vdxuwq1ua.kirk.replit.dev/assets/ui/icons/tactical-epic/stealth-mask.png"
"Neural Hood","set-piece","head","Head set-piece — filters toxic air for survival.","Tactical","epic","set piece (epic) — upgrades gear","Crafted at a Crafting Bench from refined alloy + components (epic recipe).","—","—","Tactical Set — Epic","tactical-epic","neural-hood","https://9afbd236-7d37-4308-a43c-ac6aaeefcf0c-00-1ds7vdxuwq1ua.kirk.replit.dev/assets/ui/icons/tactical-epic/neural-hood.png"
"Officer Beret","set-piece","head","Head set-piece — improves detection & resists headshots.","Tactical","epic","set piece (epic) — upgrades gear","Crafted at a Crafting Bench from refined alloy + components (epic recipe).","—","—","Tactical Set — Epic","tactical-epic","officer-beret","https://9afbd236-7d37-4308-a43c-ac6aaeefcf0c-00-1ds7vdxuwq1ua.kirk.replit.dev/assets/ui/icons/tactical-epic/officer-beret.png"
"Anti-Gravity Boots","set-piece","feet","Feet set-piece — grants leap / hover / dash mobility.","Tactical","epic","set piece (epic) — upgrades gear","Crafted at a Crafting Bench from refined alloy + components (epic recipe).","—","—","Tactical Set — Epic","tactical-epic","anti-gravity-boots","https://9afbd236-7d37-4308-a43c-ac6aaeefcf0c-00-1ds7vdxuwq1ua.kirk.replit.dev/assets/ui/icons/tactical-epic/anti-gravity-boots.png"
"Jet Boosters","set-piece","feet","Feet set-piece — grants leap / hover / dash mobility.","Tactical","epic","set piece (epic) — upgrades gear","Crafted at a Crafting Bench from refined alloy + components (epic recipe).","—","—","Tactical Set — Epic","tactical-epic","jet-boosters","https://9afbd236-7d37-4308-a43c-ac6aaeefcf0c-00-1ds7vdxuwq1ua.kirk.replit.dev/assets/ui/icons/tactical-epic/jet-boosters.png"
"Magnetic Cleats","set-piece","feet","Feet set-piece — surface grip — stability on any terrain.","Tactical","epic","set piece (epic) — upgrades gear","Crafted at a Crafting Bench from refined alloy + components (epic recipe).","—","—","Tactical Set — Epic","tactical-epic","magnetic-cleats","https://9afbd236-7d37-4308-a43c-ac6aaeefcf0c-00-1ds7vdxuwq1ua.kirk.replit.dev/assets/ui/icons/tactical-epic/magnetic-cleats.png"
"Shock Dampeners","set-piece","feet","Feet set-piece — surface grip — stability on any terrain.","Tactical","epic","set piece (epic) — upgrades gear","Crafted at a Crafting Bench from refined alloy + components (epic recipe).","—","—","Tactical Set — Epic","tactical-epic","shock-dampeners","https://9afbd236-7d37-4308-a43c-ac6aaeefcf0c-00-1ds7vdxuwq1ua.kirk.replit.dev/assets/ui/icons/tactical-epic/shock-dampeners.png"
"Plasma Boots","set-piece","feet","Feet set-piece — grants leap / hover / dash mobility.","Tactical","epic","set piece (epic) — upgrades gear","Crafted at a Crafting Bench from refined alloy + components (epic recipe).","—","—","Tactical Set — Epic","tactical-epic","plasma-boots","https://9afbd236-7d37-4308-a43c-ac6aaeefcf0c-00-1ds7vdxuwq1ua.kirk.replit.dev/assets/ui/icons/tactical-epic/plasma-boots.png"
"Plasma Rifle","weapon","weapon","Firearm — primary ranged weapon.","Tactical","epic","craftable recipe (epic)","Crafted at a Crafting Bench from refined alloy + components (epic recipe).","—","—","Tactical Set — Epic","tactical-epic","plasma-rifle","https://9afbd236-7d37-4308-a43c-ac6aaeefcf0c-00-1ds7vdxuwq1ua.kirk.replit.dev/assets/ui/icons/tactical-epic/plasma-rifle.png"
"Energy Pistol","weapon","weapon","Sidearm — fast-draw backup gun.","Tactical","epic","craftable recipe (epic)","Crafted at a Crafting Bench from refined alloy + components (epic recipe).","—","—","Tactical Set — Epic","tactical-epic","energy-pistol","https://9afbd236-7d37-4308-a43c-ac6aaeefcf0c-00-1ds7vdxuwq1ua.kirk.replit.dev/assets/ui/icons/tactical-epic/energy-pistol.png"
"EMP Grenade","throwable","","Throwable — AoE blast on impact.","Tactical","epic","craftable ordnance","Ordnance — crafted at an Explosives Bench from a casing + charge.","Single-use — consumed on use.","—","Tactical Set — Epic","tactical-epic","emp-grenade","https://9afbd236-7d37-4308-a43c-ac6aaeefcf0c-00-1ds7vdxuwq1ua.kirk.replit.dev/assets/ui/icons/tactical-epic/emp-grenade.png"
"Vibro Blade","weapon","weapon","Melee weapon — close-quarters strikes.","Tactical","epic","craftable recipe (epic)","Crafted at a Crafting Bench from refined alloy + components (epic recipe).","—","—","Tactical Set — Epic","tactical-epic","vibro-blade","https://9afbd236-7d37-4308-a43c-ac6aaeefcf0c-00-1ds7vdxuwq1ua.kirk.replit.dev/assets/ui/icons/tactical-epic/vibro-blade.png"
"Gauss Shotgun","weapon","weapon","Firearm — primary ranged weapon.","Tactical","epic","craftable recipe (epic)","Crafted at a Crafting Bench from refined alloy + components (epic recipe).","—","—","Tactical Set — Epic","tactical-epic","gauss-shotgun","https://9afbd236-7d37-4308-a43c-ac6aaeefcf0c-00-1ds7vdxuwq1ua.kirk.replit.dev/assets/ui/icons/tactical-epic/gauss-shotgun.png"
"Void Gauntlets","set-piece","hand","Hand set-piece — adds an energized melee strike.","Tactical","legendary","set piece (legendary) — upgrades gear","Crafted at a Crafting Bench from refined alloy + components (legendary recipe).","—","—","Tactical Set — Legendary","tactical-legendary","void-gauntlets","https://9afbd236-7d37-4308-a43c-ac6aaeefcf0c-00-1ds7vdxuwq1ua.kirk.replit.dev/assets/ui/icons/tactical-legendary/void-gauntlets.png"
"Quantum Grips","set-piece","hand","Hand set-piece — adds an energized melee strike.","Tactical","legendary","set piece (legendary) — upgrades gear","Crafted at a Crafting Bench from refined alloy + components (legendary recipe).","—","—","Tactical Set — Legendary","tactical-legendary","quantum-grips","https://9afbd236-7d37-4308-a43c-ac6aaeefcf0c-00-1ds7vdxuwq1ua.kirk.replit.dev/assets/ui/icons/tactical-legendary/quantum-grips.png"
"Plasma Fists","set-piece","hand","Hand set-piece — adds an energized melee strike.","Tactical","legendary","set piece (legendary) — upgrades gear","Crafted at a Crafting Bench from refined alloy + components (legendary recipe).","—","—","Tactical Set — Legendary","tactical-legendary","plasma-fists","https://9afbd236-7d37-4308-a43c-ac6aaeefcf0c-00-1ds7vdxuwq1ua.kirk.replit.dev/assets/ui/icons/tactical-legendary/plasma-fists.png"
"Neural Claws","set-piece","hand","Hand set-piece — adds an energized melee strike.","Tactical","legendary","set piece (legendary) — upgrades gear","Crafted at a Crafting Bench from refined alloy + components (legendary recipe).","—","—","Tactical Set — Legendary","tactical-legendary","neural-claws","https://9afbd236-7d37-4308-a43c-ac6aaeefcf0c-00-1ds7vdxuwq1ua.kirk.replit.dev/assets/ui/icons/tactical-legendary/neural-claws.png"
"Titan Wraps","set-piece","hand","Hand set-piece — boosts attack speed & tool handling.","Tactical","legendary","set piece (legendary) — upgrades gear","Crafted at a Crafting Bench from refined alloy + components (legendary recipe).","—","—","Tactical Set — Legendary","tactical-legendary","titan-wraps","https://9afbd236-7d37-4308-a43c-ac6aaeefcf0c-00-1ds7vdxuwq1ua.kirk.replit.dev/assets/ui/icons/tactical-legendary/titan-wraps.png"
"Titan Plate","set-piece","chest","Chest set-piece — raises armor & max health.","Tactical","legendary","set piece (legendary) — upgrades gear","Crafted at a Crafting Bench from refined alloy + components (legendary recipe).","—","—","Tactical Set — Legendary","tactical-legendary","titan-plate","https://9afbd236-7d37-4308-a43c-ac6aaeefcf0c-00-1ds7vdxuwq1ua.kirk.replit.dev/assets/ui/icons/tactical-legendary/titan-plate.png"
"Quantum Armor","set-piece","chest","Chest set-piece — raises armor & max health.","Tactical","legendary","set piece (legendary) — upgrades gear","Crafted at a Crafting Bench from refined alloy + components (legendary recipe).","—","—","Tactical Set — Legendary","tactical-legendary","quantum-armor","https://9afbd236-7d37-4308-a43c-ac6aaeefcf0c-00-1ds7vdxuwq1ua.kirk.replit.dev/assets/ui/icons/tactical-legendary/quantum-armor.png"
"Assault Core","set-piece","chest","Chest set-piece — powered plate adds an energy shield.","Tactical","legendary","set piece (legendary) — upgrades gear","Crafted at a Crafting Bench from refined alloy + components (legendary recipe).","—","Mineable deposit — drops raw resources when mined.","Tactical Set — Legendary","tactical-legendary","assault-core","https://9afbd236-7d37-4308-a43c-ac6aaeefcf0c-00-1ds7vdxuwq1ua.kirk.replit.dev/assets/ui/icons/tactical-legendary/assault-core.png"
"Hyper Rig","set-piece","chest","Chest set-piece — powered plate adds an energy shield.","Tactical","legendary","set piece (legendary) — upgrades gear","Crafted at a Crafting Bench from refined alloy + components (legendary recipe).","—","—","Tactical Set — Legendary","tactical-legendary","hyper-rig","https://9afbd236-7d37-4308-a43c-ac6aaeefcf0c-00-1ds7vdxuwq1ua.kirk.replit.dev/assets/ui/icons/tactical-legendary/hyper-rig.png"
"Void Vest","set-piece","chest","Chest set-piece — raises armor & max health.","Tactical","legendary","set piece (legendary) — upgrades gear","Crafted at a Crafting Bench from refined alloy + components (legendary recipe).","—","—","Tactical Set — Legendary","tactical-legendary","void-vest","https://9afbd236-7d37-4308-a43c-ac6aaeefcf0c-00-1ds7vdxuwq1ua.kirk.replit.dev/assets/ui/icons/tactical-legendary/void-vest.png"
"Quantum Helmet","set-piece","head","Head set-piece — improves detection & resists headshots.","Tactical","legendary","set piece (legendary) — upgrades gear","Crafted at a Crafting Bench from refined alloy + components (legendary recipe).","—","Mining safety / utility gear.","Tactical Set — Legendary","tactical-legendary","quantum-helmet","https://9afbd236-7d37-4308-a43c-ac6aaeefcf0c-00-1ds7vdxuwq1ua.kirk.replit.dev/assets/ui/icons/tactical-legendary/quantum-helmet.png"
"Holo Crown","set-piece","head","Head set-piece — commander aura buffs nearby allies.","Tactical","legendary","set piece (legendary) — upgrades gear","Crafted at a Crafting Bench from refined alloy + components (legendary recipe).","—","—","Tactical Set — Legendary","tactical-legendary","holo-crown","https://9afbd236-7d37-4308-a43c-ac6aaeefcf0c-00-1ds7vdxuwq1ua.kirk.replit.dev/assets/ui/icons/tactical-legendary/holo-crown.png"
"Shadow Mask","set-piece","head","Head set-piece — filters toxic air for survival.","Tactical","legendary","set piece (legendary) — upgrades gear","Crafted at a Crafting Bench from refined alloy + components (legendary recipe).","—","—","Tactical Set — Legendary","tactical-legendary","shadow-mask","https://9afbd236-7d37-4308-a43c-ac6aaeefcf0c-00-1ds7vdxuwq1ua.kirk.replit.dev/assets/ui/icons/tactical-legendary/shadow-mask.png"
"Neural Crown","set-piece","head","Head set-piece — commander aura buffs nearby allies.","Tactical","legendary","set piece (legendary) — upgrades gear","Crafted at a Crafting Bench from refined alloy + components (legendary recipe).","—","—","Tactical Set — Legendary","tactical-legendary","neural-crown","https://9afbd236-7d37-4308-a43c-ac6aaeefcf0c-00-1ds7vdxuwq1ua.kirk.replit.dev/assets/ui/icons/tactical-legendary/neural-crown.png"
"Elite Beret","set-piece","head","Head set-piece — improves detection & resists headshots.","Tactical","legendary","set piece (legendary) — upgrades gear","Crafted at a Crafting Bench from refined alloy + components (legendary recipe).","—","—","Tactical Set — Legendary","tactical-legendary","elite-beret","https://9afbd236-7d37-4308-a43c-ac6aaeefcf0c-00-1ds7vdxuwq1ua.kirk.replit.dev/assets/ui/icons/tactical-legendary/elite-beret.png"
"Void Walkers","set-piece","feet","Feet set-piece — grants leap / hover / dash mobility.","Tactical","legendary","set piece (legendary) — upgrades gear","Crafted at a Crafting Bench from refined alloy + components (legendary recipe).","—","—","Tactical Set — Legendary","tactical-legendary","void-walkers","https://9afbd236-7d37-4308-a43c-ac6aaeefcf0c-00-1ds7vdxuwq1ua.kirk.replit.dev/assets/ui/icons/tactical-legendary/void-walkers.png"
"Quantum Boosters","set-piece","feet","Feet set-piece — grants leap / hover / dash mobility.","Tactical","legendary","set piece (legendary) — upgrades gear","Crafted at a Crafting Bench from refined alloy + components (legendary recipe).","—","—","Tactical Set — Legendary","tactical-legendary","quantum-boosters","https://9afbd236-7d37-4308-a43c-ac6aaeefcf0c-00-1ds7vdxuwq1ua.kirk.replit.dev/assets/ui/icons/tactical-legendary/quantum-boosters.png"
"Grav Cleats","set-piece","feet","Feet set-piece — grants leap / hover / dash mobility.","Tactical","legendary","set piece (legendary) — upgrades gear","Crafted at a Crafting Bench from refined alloy + components (legendary recipe).","—","—","Tactical Set — Legendary","tactical-legendary","grav-cleats","https://9afbd236-7d37-4308-a43c-ac6aaeefcf0c-00-1ds7vdxuwq1ua.kirk.replit.dev/assets/ui/icons/tactical-legendary/grav-cleats.png"
"Shock Titans","set-piece","feet","Feet set-piece — surface grip — stability on any terrain.","Tactical","legendary","set piece (legendary) — upgrades gear","Crafted at a Crafting Bench from refined alloy + components (legendary recipe).","—","—","Tactical Set — Legendary","tactical-legendary","shock-titans","https://9afbd236-7d37-4308-a43c-ac6aaeefcf0c-00-1ds7vdxuwq1ua.kirk.replit.dev/assets/ui/icons/tactical-legendary/shock-titans.png"
"Plasma Striders","set-piece","feet","Feet set-piece — grants leap / hover / dash mobility.","Tactical","legendary","set piece (legendary) — upgrades gear","Crafted at a Crafting Bench from refined alloy + components (legendary recipe).","—","—","Tactical Set — Legendary","tactical-legendary","plasma-striders","https://9afbd236-7d37-4308-a43c-ac6aaeefcf0c-00-1ds7vdxuwq1ua.kirk.replit.dev/assets/ui/icons/tactical-legendary/plasma-striders.png"
"Plasma Cannon","weapon","weapon","Firearm — primary ranged weapon.","Tactical","legendary","craftable recipe (legendary)","Crafted at a Crafting Bench from refined alloy + components (legendary recipe).","—","—","Tactical Set — Legendary","tactical-legendary","plasma-cannon","https://9afbd236-7d37-4308-a43c-ac6aaeefcf0c-00-1ds7vdxuwq1ua.kirk.replit.dev/assets/ui/icons/tactical-legendary/plasma-cannon.png"
"Quantum Pistol","weapon","weapon","Sidearm — fast-draw backup gun.","Tactical","legendary","craftable recipe (legendary)","Crafted at a Crafting Bench from refined alloy + components (legendary recipe).","—","—","Tactical Set — Legendary","tactical-legendary","quantum-pistol","https://9afbd236-7d37-4308-a43c-ac6aaeefcf0c-00-1ds7vdxuwq1ua.kirk.replit.dev/assets/ui/icons/tactical-legendary/quantum-pistol.png"
"Void Grenade","throwable","","Throwable — AoE blast on impact.","Tactical","legendary","craftable ordnance","Ordnance — crafted at an Explosives Bench from a casing + charge.","Single-use — consumed on use.","—","Tactical Set — Legendary","tactical-legendary","void-grenade","https://9afbd236-7d37-4308-a43c-ac6aaeefcf0c-00-1ds7vdxuwq1ua.kirk.replit.dev/assets/ui/icons/tactical-legendary/void-grenade.png"
"Energy Blade","weapon","weapon","Melee weapon — close-quarters strikes.","Tactical","legendary","craftable recipe (legendary)","Crafted at a Crafting Bench from refined alloy + components (legendary recipe).","—","—","Tactical Set — Legendary","tactical-legendary","energy-blade","https://9afbd236-7d37-4308-a43c-ac6aaeefcf0c-00-1ds7vdxuwq1ua.kirk.replit.dev/assets/ui/icons/tactical-legendary/energy-blade.png"
"Rail Cannon","weapon","weapon","Firearm — primary ranged weapon.","Tactical","legendary","craftable recipe (legendary)","Crafted at a Crafting Bench from refined alloy + components (legendary recipe).","—","—","Tactical Set — Legendary","tactical-legendary","rail-cannon","https://9afbd236-7d37-4308-a43c-ac6aaeefcf0c-00-1ds7vdxuwq1ua.kirk.replit.dev/assets/ui/icons/tactical-legendary/rail-cannon.png"
"Plasma Bolt","projectile","","Energy projectile — heavy plasma round.","","","craftable ammo","Ammo — crafted in batches at an Ammo Bench.","Consumed per shot — keep a reserve stocked.","—","Projectiles & Combat FX","projectiles-fx","plasma-bolt","https://9afbd236-7d37-4308-a43c-ac6aaeefcf0c-00-1ds7vdxuwq1ua.kirk.replit.dev/assets/ui/icons/projectiles-fx/plasma-bolt.png"
"Energy Beam","projectile","","Sustained beam — continuous energy damage.","","","craftable ammo","Ammo — crafted in batches at an Ammo Bench.","Consumed per shot — keep a reserve stocked.","—","Projectiles & Combat FX","projectiles-fx","energy-beam","https://9afbd236-7d37-4308-a43c-ac6aaeefcf0c-00-1ds7vdxuwq1ua.kirk.replit.dev/assets/ui/icons/projectiles-fx/energy-beam.png"
"Rail Slug","projectile","","Railgun slug — armor-piercing kinetic round.","","","craftable ammo","Ammo — crafted in batches at an Ammo Bench.","Consumed per shot — keep a reserve stocked.","—","Projectiles & Combat FX","projectiles-fx","rail-slug","https://9afbd236-7d37-4308-a43c-ac6aaeefcf0c-00-1ds7vdxuwq1ua.kirk.replit.dev/assets/ui/icons/projectiles-fx/rail-slug.png"
"Photon Lance","projectile","","Piercing light beam — hits all in a line.","","","craftable ammo","Ammo — crafted in batches at an Ammo Bench.","Consumed per shot — keep a reserve stocked.","—","Projectiles & Combat FX","projectiles-fx","photon-lance","https://9afbd236-7d37-4308-a43c-ac6aaeefcf0c-00-1ds7vdxuwq1ua.kirk.replit.dev/assets/ui/icons/projectiles-fx/photon-lance.png"
"Arc Discharge","effect","","Chain lightning — arcs between nearby enemies.","","","weapon / ability FX (not craftable)","Weapon / ability visual effect — emitted on fire or hit, not crafted.","—","Demolition — clears rock fast for mining.","Projectiles & Combat FX","projectiles-fx","arc-discharge","https://9afbd236-7d37-4308-a43c-ac6aaeefcf0c-00-1ds7vdxuwq1ua.kirk.replit.dev/assets/ui/icons/projectiles-fx/arc-discharge.png"
"Rocket Trail","projectile","","Explosive rocket — AoE damage on impact.","","","craftable ammo","Ammo — crafted in batches at an Ammo Bench.","Consumed per shot — keep a reserve stocked.","—","Projectiles & Combat FX","projectiles-fx","rocket-trail","https://9afbd236-7d37-4308-a43c-ac6aaeefcf0c-00-1ds7vdxuwq1ua.kirk.replit.dev/assets/ui/icons/projectiles-fx/rocket-trail.png"
"Grenade","throwable","","Throwable — AoE blast on impact.","","","craftable ordnance","Ordnance — crafted at an Explosives Bench from a casing + charge.","Single-use — consumed on use.","—","Projectiles & Combat FX","projectiles-fx","grenade","https://9afbd236-7d37-4308-a43c-ac6aaeefcf0c-00-1ds7vdxuwq1ua.kirk.replit.dev/assets/ui/icons/projectiles-fx/grenade.png"
"Cluster Bomb","throwable","","Cluster munition — scatters submunitions.","","","craftable ordnance","Ordnance — crafted at an Explosives Bench from a casing + charge.","Single-use — consumed on use.","—","Projectiles & Combat FX","projectiles-fx","cluster-bomb","https://9afbd236-7d37-4308-a43c-ac6aaeefcf0c-00-1ds7vdxuwq1ua.kirk.replit.dev/assets/ui/icons/projectiles-fx/cluster-bomb.png"
"Flare Round","projectile","","Incendiary round — marks & burns the target.","","","craftable ammo","Ammo — crafted in batches at an Ammo Bench.","Consumed per shot — keep a reserve stocked.","—","Projectiles & Combat FX","projectiles-fx","flare-round","https://9afbd236-7d37-4308-a43c-ac6aaeefcf0c-00-1ds7vdxuwq1ua.kirk.replit.dev/assets/ui/icons/projectiles-fx/flare-round.png"
"EMP Pulse","effect","","EMP burst — disables electronics & shields.","","","weapon / ability FX (not craftable)","Weapon / ability visual effect — emitted on fire or hit, not crafted.","—","—","Projectiles & Combat FX","projectiles-fx","emp-pulse","https://9afbd236-7d37-4308-a43c-ac6aaeefcf0c-00-1ds7vdxuwq1ua.kirk.replit.dev/assets/ui/icons/projectiles-fx/emp-pulse.png"
"Ion Cannon Shot","projectile","","Heavy ion blast — big single-target hit.","","","craftable ammo","Ammo — crafted in batches at an Ammo Bench.","Consumed per shot — keep a reserve stocked.","—","Projectiles & Combat FX","projectiles-fx","ion-cannon-shot","https://9afbd236-7d37-4308-a43c-ac6aaeefcf0c-00-1ds7vdxuwq1ua.kirk.replit.dev/assets/ui/icons/projectiles-fx/ion-cannon-shot.png"
"Quantum Torpedo","projectile","","Homing torpedo — heavy tracking ordnance.","","","craftable ammo","Ammo — crafted in batches at an Ammo Bench.","Consumed per shot — keep a reserve stocked.","—","Projectiles & Combat FX","projectiles-fx","quantum-torpedo","https://9afbd236-7d37-4308-a43c-ac6aaeefcf0c-00-1ds7vdxuwq1ua.kirk.replit.dev/assets/ui/icons/projectiles-fx/quantum-torpedo.png"
"Gravity Orb","effect","","Gravity well — pulls enemies together.","","","weapon / ability FX (not craftable)","Weapon / ability visual effect — emitted on fire or hit, not crafted.","—","—","Projectiles & Combat FX","projectiles-fx","gravity-orb","https://9afbd236-7d37-4308-a43c-ac6aaeefcf0c-00-1ds7vdxuwq1ua.kirk.replit.dev/assets/ui/icons/projectiles-fx/gravity-orb.png"
"Nano Swarm","effect","","Nanite cloud — damage-over-time area.","","","weapon / ability FX (not craftable)","Weapon / ability visual effect — emitted on fire or hit, not crafted.","—","—","Projectiles & Combat FX","projectiles-fx","nano-swarm","https://9afbd236-7d37-4308-a43c-ac6aaeefcf0c-00-1ds7vdxuwq1ua.kirk.replit.dev/assets/ui/icons/projectiles-fx/nano-swarm.png"
"Fusion Core","power","","High-energy core — ammo / power source.","","","craftable power","Crafted from cells / fuel; powers nearby machines.","Energy resource — consumed as fuel by machines.","Mineable deposit — drops raw resources when mined.","Projectiles & Combat FX","projectiles-fx","fusion-core","https://9afbd236-7d37-4308-a43c-ac6aaeefcf0c-00-1ds7vdxuwq1ua.kirk.replit.dev/assets/ui/icons/projectiles-fx/fusion-core.png"
"Muzzle Flash","effect","","Muzzle flash — fired-shot visual effect.","","","weapon / ability FX (not craftable)","Weapon / ability visual effect — emitted on fire or hit, not crafted.","—","—","Projectiles & Combat FX","projectiles-fx","muzzle-flash","https://9afbd236-7d37-4308-a43c-ac6aaeefcf0c-00-1ds7vdxuwq1ua.kirk.replit.dev/assets/ui/icons/projectiles-fx/muzzle-flash.png"
"Bullet Casing","material","","Spent casing — salvage scrap for crafting.","","","gathered material","Gathered or salvaged, not crafted; used as a crafting ingredient.","Rare material — high-value crafting / upgrade; stack 16.","—","Projectiles & Combat FX","projectiles-fx","bullet-casing","https://9afbd236-7d37-4308-a43c-ac6aaeefcf0c-00-1ds7vdxuwq1ua.kirk.replit.dev/assets/ui/icons/projectiles-fx/bullet-casing.png"
"Tracer Round","projectile","","Tracer — glowing visible bullet trail.","","","craftable ammo","Ammo — crafted in batches at an Ammo Bench.","Consumed per shot — keep a reserve stocked.","—","Projectiles & Combat FX","projectiles-fx","tracer-round","https://9afbd236-7d37-4308-a43c-ac6aaeefcf0c-00-1ds7vdxuwq1ua.kirk.replit.dev/assets/ui/icons/projectiles-fx/tracer-round.png"
"Shockwave Ring","effect","","Shockwave — knockback AoE pulse.","","","weapon / ability FX (not craftable)","Weapon / ability visual effect — emitted on fire or hit, not crafted.","—","—","Projectiles & Combat FX","projectiles-fx","shockwave-ring","https://9afbd236-7d37-4308-a43c-ac6aaeefcf0c-00-1ds7vdxuwq1ua.kirk.replit.dev/assets/ui/icons/projectiles-fx/shockwave-ring.png"
"Laser Sight","attachment","weapon","Weapon attachment — tightens accuracy.","","","craftable attachment","Weapon attachment — crafted at a Weapons Bench, slots onto a gun.","—","—","Projectiles & Combat FX","projectiles-fx","laser-sight","https://9afbd236-7d37-4308-a43c-ac6aaeefcf0c-00-1ds7vdxuwq1ua.kirk.replit.dev/assets/ui/icons/projectiles-fx/laser-sight.png"
"Missile Lock","effect","","Lock-on reticle — enables homing fire.","","","weapon / ability FX (not craftable)","Weapon / ability visual effect — emitted on fire or hit, not crafted.","—","—","Projectiles & Combat FX","projectiles-fx","missile-lock","https://9afbd236-7d37-4308-a43c-ac6aaeefcf0c-00-1ds7vdxuwq1ua.kirk.replit.dev/assets/ui/icons/projectiles-fx/missile-lock.png"
"Homing Missile","projectile","","Guided missile — tracks the locked target.","","","craftable ammo","Ammo — crafted in batches at an Ammo Bench.","Consumed per shot — keep a reserve stocked.","—","Projectiles & Combat FX","projectiles-fx","homing-missile","https://9afbd236-7d37-4308-a43c-ac6aaeefcf0c-00-1ds7vdxuwq1ua.kirk.replit.dev/assets/ui/icons/projectiles-fx/homing-missile.png"
"Vortex Blast","effect","","Vortex — spiraling AoE pull + damage.","","","weapon / ability FX (not craftable)","Weapon / ability visual effect — emitted on fire or hit, not crafted.","—","Demolition — clears rock fast for mining.","Projectiles & Combat FX","projectiles-fx","vortex-blast","https://9afbd236-7d37-4308-a43c-ac6aaeefcf0c-00-1ds7vdxuwq1ua.kirk.replit.dev/assets/ui/icons/projectiles-fx/vortex-blast.png"
"Crystal Spike","projectile","","Crystal shard — piercing spike projectile.","","","craftable ammo","Ammo — crafted in batches at an Ammo Bench.","Consumed per shot — keep a reserve stocked.","—","Projectiles & Combat FX","projectiles-fx","crystal-spike","https://9afbd236-7d37-4308-a43c-ac6aaeefcf0c-00-1ds7vdxuwq1ua.kirk.replit.dev/assets/ui/icons/projectiles-fx/crystal-spike.png"
"Victory Flare","reward","","Round-win victory signal flare.","","","reward (not craftable)","Awarded for quests / achievements — not crafted.","—","—","Projectiles & Combat FX","projectiles-fx","victory-flare","https://9afbd236-7d37-4308-a43c-ac6aaeefcf0c-00-1ds7vdxuwq1ua.kirk.replit.dev/assets/ui/icons/projectiles-fx/victory-flare.png"
